Channel Name,Subscriber Count,Total Videos,Total Views,View Count,Like Count,Comment Count,Video Posted,Video Link
The Infographics Show,14800000,5394,6278607105,64213,2482,485,2025-02-11T00:11:00Z,https://www.youtube.com/watch?v=w2SYMSemBI0&ab_channel=TheInfographicsShow
The Infographics Show,14800000,5394,6278607105,562089,17874,2851,2025-02-09T15:11:00Z,https://www.youtube.com/watch?v=beWI6TOjXG4&ab_channel=TheInfographicsShow
The Infographics Show,14800000,5394,6278607105,43791,505,29,2025-02-09T03:11:00Z,https://www.youtube.com/watch?v=XVS3vFs7sBU&ab_channel=TheInfographicsShow
The Infographics Show,14800000,5394,6278607105,82292,2009,219,2025-02-08T15:11:00Z,https://www.youtube.com/watch?v=p8YmQPzknNg&ab_channel=TheInfographicsShow
The Infographics Show,14800000,5394,6278607105,185774,5922,835,2025-02-08T00:37:00Z,https://www.youtube.com/watch?v=F9EWqjuWlwQ&ab_channel=TheInfographicsShow
The Infographics Show,14800000,5394,6278607105,364802,7667,747,2025-02-07T19:11:00Z,https://www.youtube.com/watch?v=hsMEyeGq8rY&ab_channel=TheInfographicsShow
The Infographics Show,14800000,5394,6278607105,468703,9560,687,2025-02-07T00:11:00Z,https://www.youtube.com/watch?v=GCGwkgUW2sc&ab_channel=TheInfographicsShow
The Infographics Show,14800000,5394,6278607105,143443,3220,1074,2025-02-06T19:11:00Z,https://www.youtube.com/watch?v=SsbZcM0UcZg&ab_channel=TheInfographicsShow
The Infographics Show,14800000,5394,6278607105,309168,4404,379,2025-02-05T19:11:00Z,https://www.youtube.com/watch?v=2bdTSw8vico&ab_channel=TheInfographicsShow
The Infographics Show,14800000,5394,6278607105,1083953,27391,6925,2025-02-05T00:11:00Z,https://www.youtube.com/watch?v=NoAHi_mzzBQ&ab_channel=TheInfographicsShow
The Infographics Show,14800000,5394,6278607105,253379,4569,233,2025-02-03T19:11:00Z,https://www.youtube.com/watch?v=D5PE6k9TOpM&ab_channel=TheInfographicsShow
The Infographics Show,14800000,5394,6278607105,381404,6010,506,2025-02-02T21:11:00Z,https://www.youtube.com/watch?v=EsF-_VO62ZE&ab_channel=TheInfographicsShow
The Infographics Show,14800000,5394,6278607105,65303,1559,263,2025-02-02T15:11:00Z,https://www.youtube.com/watch?v=LeuSethjniE&ab_channel=TheInfographicsShow
The Infographics Show,14800000,5394,6278607105,95619,589,44,2025-02-02T03:11:00Z,https://www.youtube.com/watch?v=RW7fcF1NPHY&ab_channel=TheInfographicsShow
The Infographics Show,14800000,5394,6278607105,85793,2264,182,2025-02-01T15:11:00Z,https://www.youtube.com/watch?v=dQKeaIUAJt4&ab_channel=TheInfographicsShow
The Infographics Show,14800000,5394,6278607105,287565,5344,680,2025-01-25T21:11:00Z,https://www.youtube.com/watch?v=sQpH29KEuNg&ab_channel=TheInfographicsShow
The Infographics Show,14800000,5394,6278607105,221588,4358,599,2025-01-22T00:11:00Z,https://www.youtube.com/watch?v=IA6EzwPmBg0&ab_channel=TheInfographicsShow
The Infographics Show,14800000,5394,6278607105,261006,4764,217,2025-01-15T19:11:00Z,https://www.youtube.com/watch?v=madFr3AQFP4&ab_channel=TheInfographicsShow
The Infographics Show,14800000,5394,6278607105,195891,3926,302,2025-01-09T21:11:00Z,https://www.youtube.com/watch?v=h2Gk5vYTBDY&ab_channel=TheInfographicsShow
The Infographics Show,14800000,5394,6278607105,140987,1679,150,2025-01-04T03:11:00Z,https://www.youtube.com/watch?v=9jGTMb_JIVc&ab_channel=TheInfographicsShow
The Infographics Show,14800000,5394,6278607105,185043,3761,168,2025-01-10T19:11:00Z,https://www.youtube.com/watch?v=5g9kzwsPXF8&ab_channel=TheInfographicsShow
The Infographics Show,14800000,5394,6278607105,177783,4525,573,2025-01-31T20:11:00Z,https://www.youtube.com/watch?v=h9vV20Bh4cY&ab_channel=TheInfographicsShow
The Infographics Show,14800000,5394,6278607105,242992,5636,312,2025-01-30T19:11:00Z,https://www.youtube.com/watch?v=pB6nlxuytLU&ab_channel=TheInfographicsShow
The Infographics Show,14800000,5394,6278607105,58578,1696,83,2025-01-30T18:02:16Z,https://www.youtube.com/watch?v=LTu6JMvWBLQ&ab_channel=TheInfographicsShow
The Infographics Show,14800000,5394,6278607105,333678,6264,299,2025-01-29T19:11:00Z,https://www.youtube.com/watch?v=dq2ygaBLI7c&ab_channel=TheInfographicsShow
AsapSCIENCE,10700000,494,1980788939,97203,6910,460,2025-02-06T16:30:58Z,https://www.youtube.com/watch?v=wQDWQDWHFx0&ab_channel=AsapSCIENCE
AsapSCIENCE,10700000,494,1980788939,287713,9808,1164,2025-01-29T17:00:22Z,https://www.youtube.com/watch?v=FAVKyXv9W_4&ab_channel=AsapSCIENCE
AsapSCIENCE,10700000,494,1980788939,216759,12083,913,2025-01-16T17:00:18Z,https://www.youtube.com/watch?v=CLGPSuwrtuA&ab_channel=AsapSCIENCE
National Geographic,24200000,10557,6313286711,31858,1169,54,2025-02-10T16:00:27Z,https://www.youtube.com/watch?v=JDIAcRSPbnk&ab_channel=NationalGeographic
National Geographic,24200000,10557,6313286711,291708,4515,439,2025-02-09T16:00:41Z,https://www.youtube.com/watch?v=fauq7fm2xIE&ab_channel=NationalGeographic
National Geographic,24200000,10557,6313286711,425491,3842,280,2025-02-08T16:00:44Z,https://www.youtube.com/watch?v=jAf4_7jIhls&ab_channel=NationalGeographic
National Geographic,24200000,10557,6313286711,169117,3950,300,2025-02-06T16:00:12Z,https://www.youtube.com/watch?v=DWja0NX7jNQ&ab_channel=NationalGeographic
National Geographic,24200000,10557,6313286711,330328,3295,321,2025-02-02T16:00:32Z,https://www.youtube.com/watch?v=SztVA7ZF8Kk&ab_channel=NationalGeographic
National Geographic,24200000,10557,6313286711,1184762,8301,426,2025-02-01T16:00:33Z,https://www.youtube.com/watch?v=W0gUYsICueI&ab_channel=NationalGeographic
National Geographic,24200000,10557,6313286711,440648,9495,320,2025-01-30T20:00:16Z,https://www.youtube.com/watch?v=X_dVQErdQvk&ab_channel=NationalGeographic
National Geographic,24200000,10557,6313286711,316761,3730,358,2025-01-30T16:00:57Z,https://www.youtube.com/watch?v=zD_FVxsckb0&ab_channel=NationalGeographic
National Geographic,24200000,10557,6313286711,376976,6009,1232,2025-01-25T16:00:13Z,https://www.youtube.com/watch?v=8DMmkp_F25Y&ab_channel=NationalGeographic
National Geographic,24200000,10557,6313286711,78766,1233,47,2025-01-22T17:59:57Z,https://www.youtube.com/watch?v=WREUVldK2M8&ab_channel=NationalGeographic
National Geographic,24200000,10557,6313286711,1439191,8969,591,2025-01-19T16:00:05Z,https://www.youtube.com/watch?v=4DAuTMsOoKw&ab_channel=NationalGeographic
National Geographic,24200000,10557,6313286711,155795,2029,103,2025-01-16T16:01:00Z,https://www.youtube.com/watch?v=o7Esv2MEQLQ&ab_channel=NationalGeographic
National Geographic,24200000,10557,6313286711,13147,314,12,2025-01-14T23:14:12Z,https://www.youtube.com/watch?v=VNXcSsqWO-I&ab_channel=NationalGeographic
National Geographic,24200000,10557,6313286711,173337,796,26,2025-01-14T15:00:08Z,https://www.youtube.com/watch?v=342SPkLqeh0&ab_channel=NationalGeographic
National Geographic,24200000,10557,6313286711,1773424,17408,304,2025-01-11T16:00:14Z,https://www.youtube.com/watch?v=Dpu3XoY3wQw&ab_channel=NationalGeographic
National Geographic,24200000,10557,6313286711,513923,6489,453,2025-01-12T16:00:42Z,https://www.youtube.com/watch?v=nZ5VWmOxZwU&ab_channel=NationalGeographic
Neso Academy,2830000,2800,663408312,2382,54,3,2025-02-10T13:30:31Z,https://www.youtube.com/watch?v=ZfDBINXhWXg&ab_channel=NesoAcademy
Neso Academy,2830000,2800,663408312,2504,43,3,2025-02-08T13:30:20Z,https://www.youtube.com/watch?v=bp8DsBI6Oik&ab_channel=NesoAcademy
Neso Academy,2830000,2800,663408312,2937,48,4,2025-02-06T13:30:14Z,https://www.youtube.com/watch?v=MR0PK0qkCD8&ab_channel=NesoAcademy
Neso Academy,2830000,2800,663408312,3111,60,6,2025-02-03T13:30:12Z,https://www.youtube.com/watch?v=KqBiGOdce74&ab_channel=NesoAcademy
Neso Academy,2830000,2800,663408312,3239,64,8,2025-02-01T13:30:00Z,https://www.youtube.com/watch?v=-8bYtApJNos&ab_channel=NesoAcademy
Neso Academy,2830000,2800,663408312,3311,51,9,2025-01-30T14:00:30Z,https://www.youtube.com/watch?v=Jtai4ogSsB4&ab_channel=NesoAcademy
Neso Academy,2830000,2800,663408312,3666,70,5,2025-01-28T13:30:07Z,https://www.youtube.com/watch?v=CSX0OlOYWps&ab_channel=NesoAcademy
Neso Academy,2830000,2800,663408312,5691,116,18,2025-01-26T13:30:31Z,https://www.youtube.com/watch?v=Zqo-qNNMmdA&ab_channel=NesoAcademy
Neso Academy,2830000,2800,663408312,1895,40,8,2025-01-24T14:15:04Z,https://www.youtube.com/watch?v=x9o4NuBz8mM&ab_channel=NesoAcademy
Neso Academy,2830000,2800,663408312,2271,30,9,2025-01-22T13:30:21Z,https://www.youtube.com/watch?v=UT4ML93lKIs&ab_channel=NesoAcademy
Neso Academy,2830000,2800,663408312,2860,34,2,2025-01-20T13:30:21Z,https://www.youtube.com/watch?v=LxEQRIBR9IM&ab_channel=NesoAcademy
Neso Academy,2830000,2800,663408312,3530,47,1,2025-01-18T14:15:01Z,https://www.youtube.com/watch?v=6tmq2I3gEDU&ab_channel=NesoAcademy
Neso Academy,2830000,2800,663408312,3702,71,1,2025-01-16T13:30:38Z,https://www.youtube.com/watch?v=uujDdvDQsaE&ab_channel=NesoAcademy
Neso Academy,2830000,2800,663408312,3649,80,11,2025-01-14T13:30:30Z,https://www.youtube.com/watch?v=Zp6Eu-eWpEE&ab_channel=NesoAcademy
Neso Academy,2830000,2800,663408312,5434,89,5,2025-01-12T13:30:32Z,https://www.youtube.com/watch?v=lhsT7a1akao&ab_channel=NesoAcademy
DiodeGoneWild,237000,566,53127481,65347,4445,396,2025-01-29T10:59:05Z,https://www.youtube.com/watch?v=hXTQP4eFmf0&ab_channel=DiodeGoneWild
DiodeGoneWild,237000,566,53127481,15643,1322,98,2025-01-22T14:24:14Z,https://www.youtube.com/watch?v=M00cF6i1N-w&ab_channel=DiodeGoneWild
DiodeGoneWild,237000,566,53127481,21544,1822,99,2025-01-17T15:08:52Z,https://www.youtube.com/watch?v=M4XWi0Diazo&ab_channel=DiodeGoneWild
Science Channel,5050000,2469,1284925913,9906,310,9,2025-02-08T16:00:00Z,https://www.youtube.com/watch?v=-JgNSFGA84Q&ab_channel=ScienceChannel
Science Channel,5050000,2469,1284925913,39387,635,15,2025-02-01T16:01:03Z,https://www.youtube.com/watch?v=vNxAGznAjfs&ab_channel=ScienceChannel
Science Channel,5050000,2469,1284925913,87421,836,23,2025-02-01T16:00:32Z,https://www.youtube.com/watch?v=SnD3LzXCeSw&ab_channel=ScienceChannel
Science Channel,5050000,2469,1284925913,22030,442,12,2025-01-30T16:00:06Z,https://www.youtube.com/watch?v=6dwuD7ITwt8&ab_channel=ScienceChannel
Science Channel,5050000,2469,1284925913,16944,484,51,2025-01-29T23:00:33Z,https://www.youtube.com/watch?v=RB1iJufG9iU&ab_channel=ScienceChannel
Science Channel,5050000,2469,1284925913,25807,560,21,2025-01-25T16:00:50Z,https://www.youtube.com/watch?v=tolnNAZLtwI&ab_channel=ScienceChannel
Science Channel,5050000,2469,1284925913,143501,5111,156,2025-01-22T23:00:47Z,https://www.youtube.com/watch?v=lZdoUgNTE8E&ab_channel=ScienceChannel
Science Channel,5050000,2469,1284925913,15928,343,12,2025-01-22T16:00:56Z,https://www.youtube.com/watch?v=oO_2HIWRkiU&ab_channel=ScienceChannel
Science Channel,5050000,2469,1284925913,21830,395,19,2025-01-21T20:00:02Z,https://www.youtube.com/watch?v=ayfpSPjUzZY&ab_channel=ScienceChannel
Science Channel,5050000,2469,1284925913,163701,4278,207,2025-01-15T16:00:25Z,https://www.youtube.com/watch?v=NITLH13auIQ&ab_channel=ScienceChannel
Science Channel,5050000,2469,1284925913,71536,1151,99,2025-01-14T23:00:00Z,https://www.youtube.com/watch?v=a1uB6vDS-nc&ab_channel=ScienceChannel
Science Channel,5050000,2469,1284925913,23145,401,8,2025-01-13T20:00:20Z,https://www.youtube.com/watch?v=jeRn5ngQSok&ab_channel=ScienceChannel
Chemistry in a Nutshell,4710,70,396111,69,4,2,2025-02-05T13:56:44Z,https://www.youtube.com/watch?v=rHJ-O_xGgk0&ab_channel=ChemistryinaNutshell
CGP Grey,6660000,193,1125112498,"2,105,590",134980,145,2025-01-28T21:45:11Z,https://www.youtube.com/watch?v=1K5oDtVAYzk&ab_channel=CGPGrey
CGP Grey,6660000,193,1125112498,"300,633",13610,28,2025-01-28T21:30:08Z,https://www.youtube.com/watch?v=lk4lBV5wgGM&ab_channel=CGPGrey
Khan Academy,8810000,8633,2153192649,6487,199,0,2025-02-05T08:00:48Z,https://www.youtube.com/watch?v=thXilnp5UNQ&ab_channel=KhanAcademy
Khan Academy,8810000,8633,2153192649,5173,128,0,2025-02-03T17:58:51Z,https://www.youtube.com/watch?v=NcrsPIv6NdI&ab_channel=KhanAcademy
Khan Academy,8810000,8633,2153192649,7334,180,0,2025-01-29T08:00:03Z,https://www.youtube.com/watch?v=36nlbUdRvUM&ab_channel=KhanAcademy
Khan Academy,8810000,8633,2153192649,11651,298,0,2025-01-22T08:00:15Z,https://www.youtube.com/watch?v=Jg3Fo4WD8XE&ab_channel=KhanAcademy
Khan Academy,8810000,8633,2153192649,11450,221,11,2025-01-17T17:46:30Z,https://www.youtube.com/watch?v=t4ODg51XNYk&ab_channel=KhanAcademy
Khan Academy,8810000,8633,2153192649,6075,96,15,2025-01-15T16:23:47Z,https://www.youtube.com/watch?v=kFmtXeKPId4&ab_channel=KhanAcademy
Khan Academy,8810000,8633,2153192649,2138,34,0,2025-01-15T13:24:11Z,https://www.youtube.com/watch?v=fS3TOHnUwdw&ab_channel=KhanAcademy
Khan Academy,8810000,8633,2153192649,2125,39,0,2025-01-15T13:23:18Z,https://www.youtube.com/watch?v=pq36jdgmuzw&ab_channel=KhanAcademy
Khan Academy,8810000,8633,2153192649,3576,62,0,2025-01-15T13:23:15Z,https://www.youtube.com/watch?v=hVlFzfHc3t0&ab_channel=KhanAcademy
Khan Academy,8810000,8633,2153192649,1621,34,0,2025-01-15T13:22:44Z,https://www.youtube.com/watch?v=N8P_IjvzGPY&ab_channel=KhanAcademy
Khan Academy,8810000,8633,2153192649,5647,137,0,2025-01-15T08:00:28Z,https://www.youtube.com/watch?v=KyBgxe-rU48&ab_channel=KhanAcademy
Khan Academy,8810000,8633,2153192649,3064,51,4,2025-01-14T22:38:51Z,https://www.youtube.com/watch?v=ClwmqcEewRc&ab_channel=KhanAcademy
Khan Academy,8810000,8633,2153192649,2047,34,0,2025-01-14T22:06:28Z,https://www.youtube.com/watch?v=Oa0u7ZsRhOw&ab_channel=KhanAcademy
Khan Academy,8810000,8633,2153192649,2445,49,0,2025-01-14T22:06:24Z,https://www.youtube.com/watch?v=ikw1-ZWf8qw&ab_channel=KhanAcademy
Khan Academy,8810000,8633,2153192649,2074,53,0,2025-01-14T22:03:14Z,https://www.youtube.com/watch?v=xUbgRHeCOyY&ab_channel=KhanAcademy
Khan Academy,8810000,8633,2153192649,1228,19,0,2025-01-14T21:53:43Z,https://www.youtube.com/watch?v=K-JL39rcJlA&ab_channel=KhanAcademy
Khan Academy,8810000,8633,2153192649,1335,21,1,2025-01-14T21:52:43Z,https://www.youtube.com/watch?v=uwjKRjIfxhE&ab_channel=KhanAcademy
Khan Academy,8810000,8633,2153192649,1391,22,1,2025-01-14T21:21:52Z,https://www.youtube.com/watch?v=L3eaXsALPAM&ab_channel=KhanAcademy
Khan Academy,8810000,8633,2153192649,1458,27,0,2025-01-14T21:10:25Z,https://www.youtube.com/watch?v=BjH-5npLi6s&ab_channel=KhanAcademy
Khan Academy,8810000,8633,2153192649,3084,104,5,2025-01-14T21:05:50Z,https://www.youtube.com/watch?v=K_3u0e3XwCQ&ab_channel=KhanAcademy
Khan Academy,8810000,8633,2153192649,2016,56,5,2025-01-14T20:37:14Z,https://www.youtube.com/watch?v=_11QgROQ9mY&ab_channel=KhanAcademy
Khan Academy,8810000,8633,2153192649,3778,79,6,2025-01-14T19:43:20Z,https://www.youtube.com/watch?v=JC24Qcpyn9E&ab_channel=KhanAcademy
Khan Academy,8810000,8633,2153192649,6809,161,0,2025-01-08T08:00:36Z,https://www.youtube.com/watch?v=gGalnVpaom8&ab_channel=KhanAcademy
Khan Academy,8810000,8633,2153192649,6666,170,0,2025-01-08T08:00:29Z,https://www.youtube.com/watch?v=PeNjuIQFd9U&ab_channel=KhanAcademy
Khan Academy,8810000,8633,2153192649,9420,104,11,2024-12-17T19:16:33Z,https://www.youtube.com/watch?v=7McrG9taZak&ab_channel=KhanAcademy
Khan Academy,8810000,8633,2153192649,5439,97,7,2024-12-16T05:00:02Z,https://www.youtube.com/watch?v=1noGzLswKNc&ab_channel=KhanAcademy
TED-Ed,21100000,2235,4210260903,186522,7517,479,2025-02-06T16:00:41Z,https://www.youtube.com/watch?v=dbXFXmSaoD4&ab_channel=TED-Ed
TED-Ed,21100000,2235,4210260903,576718,29987,549,2025-02-04T16:01:28Z,https://www.youtube.com/watch?v=kD3-DKkiVeA&ab_channel=TED-Ed
TED-Ed,21100000,2235,4210260903,179874,7283,425,2025-01-30T16:01:24Z,https://www.youtube.com/watch?v=d3RlT7qzAUE&ab_channel=TED-Ed
TED-Ed,21100000,2235,4210260903,210962,9144,347,2025-01-28T16:01:32Z,https://www.youtube.com/watch?v=Qxby1J5bnPQ&ab_channel=TED-Ed
TED-Ed,21100000,2235,4210260903,290412,12615,451,2025-01-23T16:01:54Z,https://www.youtube.com/watch?v=sbXie768ZZQ&ab_channel=TED-Ed
TED-Ed,21100000,2235,4210260903,332664,11137,311,2025-01-16T16:01:06Z,https://www.youtube.com/watch?v=puWumt39nak&ab_channel=TED-Ed
TED-Ed,21100000,2235,4210260903,811325,29726,748,2025-01-21T16:00:52Z,https://www.youtube.com/watch?v=EixIyh1gshM&ab_channel=TED-Ed
TED-Ed,21100000,2235,4210260903,533525,17078,723,2025-01-14T16:01:15Z,https://www.youtube.com/watch?v=w3d2DlLX7xw&ab_channel=TED-Ed
TED-Ed,21100000,2235,4210260903,421392,14051,308,2025-01-09T16:01:51Z,https://www.youtube.com/watch?v=qH0tUg4Enn0&ab_channel=TED-Ed
TED-Ed,21100000,2235,4210260903,206242,7863,198,2025-01-07T16:00:42Z,https://www.youtube.com/watch?v=HEpJBuPIb4o&ab_channel=TED-Ed
TED-Ed,21100000,2235,4210260903,5541569,177204,2892,2025-01-02T16:01:47Z,https://www.youtube.com/watch?v=eEWa7cpiyD8&ab_channel=TED-Ed
TED-Ed,21100000,2235,4210260903,881644,34326,698,2024-12-19T16:01:26Z,https://www.youtube.com/watch?v=kOVdiDUlNsg&ab_channel=TED-Ed
TED-Ed,21100000,2235,4210260903,322255,13037,351,2024-12-17T16:01:04Z,https://www.youtube.com/watch?v=qWG2f9DwwpY&ab_channel=TED-Ed
TED-Ed,21100000,2235,4210260903,366121,11168,255,2024-12-12T16:00:55Z,https://www.youtube.com/watch?v=Wb0UgdRFj2A&ab_channel=TED-Ed
BBC Earth,13400000,2971,5056423019,35200,654,26,2024-12-15T15:00:09Z,https://www.youtube.com/watch?v=7EG4cXQvko4&ab_channel=BBCEarth
BBC Earth,13400000,2971,5056423019,189996,2187,157,2024-12-22T23:59:00Z,https://www.youtube.com/watch?v=AqKyCYWdBAI&ab_channel=BBCEarth
BBC Earth,13400000,2971,5056423019,12102,303,11,2024-12-29T23:45:00Z,https://www.youtube.com/watch?v=1Mtm3TiUhts&ab_channel=BBCEarth
BBC Earth,13400000,2971,5056423019,259966,9645,155,2025-01-04T16:00:28Z,https://www.youtube.com/watch?v=No45YnGEwPI&ab_channel=BBCEarth
BBC Earth,13400000,2971,5056423019,94780,2410,57,2025-01-09T16:00:10Z,https://www.youtube.com/watch?v=4TYbTatyhLg&ab_channel=BBCEarth
BBC Earth,13400000,2971,5056423019,494637,6483,301,2025-01-14T17:30:03Z,https://www.youtube.com/watch?v=FTS46pVoX5w&ab_channel=BBCEarth
BBC Earth,13400000,2971,5056423019,204505,2435,143,2025-01-23T12:01:00Z,https://www.youtube.com/watch?v=fnl6VXugXQc&ab_channel=BBCEarth
BBC Earth,13400000,2971,5056423019,271548,1715,57,2025-01-30T12:00:41Z,https://www.youtube.com/watch?v=WtkqzfaVbxk&ab_channel=BBCEarth
BBC Earth,13400000,2971,5056423019,50427,1390,80,2025-02-04T16:00:52Z,https://www.youtube.com/watch?v=jOs-A904ZaA&ab_channel=BBCEarth
BBC Earth,13400000,2971,5056423019,63305,699,26,2025-02-09T16:00:02Z,https://www.youtube.com/watch?v=10qME6ALrnk&ab_channel=BBCEarth
BBC Earth,13400000,2971,5056423019,557427,6897,240,2025-02-08T16:00:22Z,https://www.youtube.com/watch?v=RBgFsVN3uR8&ab_channel=BBCEarth
BBC Earth,13400000,2971,5056423019,149923,915,27,2025-02-02T16:00:30Z,https://www.youtube.com/watch?v=XQ1LTkyFsM0&ab_channel=BBCEarth
BBC Earth,13400000,2971,5056423019,67493,1891,107,2025-01-28T16:00:32Z,https://www.youtube.com/watch?v=SO-ZPxgPxo8&ab_channel=BBCEarth
BBC Earth,13400000,2971,5056423019,114544,1220,49,2025-01-19T16:00:57Z,https://www.youtube.com/watch?v=tKqvyvLRCiU&ab_channel=BBCEarth
BBC Earth,13400000,2971,5056423019,526838,1943,53,2025-01-13T16:00:33Z,https://www.youtube.com/watch?v=V2PaWGkElCM&ab_channel=BBCEarth
BBC Earth,13400000,2971,5056423019,96302,1902,60,2025-01-08T16:16:56Z,https://www.youtube.com/watch?v=Gexpqy0iPf4&ab_channel=BBCEarth
BBC Earth,13400000,2971,5056423019,71271,1395,65,2025-01-02T16:00:16Z,https://www.youtube.com/watch?v=CQSOU3-Z-7Q&ab_channel=BBCEarth
BBC Earth,13400000,2971,5056423019,91514,1743,34,2024-12-28T14:00:05Z,https://www.youtube.com/watch?v=6zppU-RiC18&ab_channel=BBCEarth
BBC Earth,13400000,2971,5056423019,1112856,2079,51,2024-12-19T14:00:56Z,https://www.youtube.com/watch?v=uRAU43tJTG4&ab_channel=BBCEarth
BBC Earth,13400000,2971,5056423019,1227207,6921,178,2024-12-14T14:00:43Z,https://www.youtube.com/watch?v=h26U-DrQe4M&ab_channel=BBCEarth
BBC Earth,13400000,2971,5056423019,55094,1745,66,2024-12-12T15:09:00Z,https://www.youtube.com/watch?v=id42WD1YMbM&ab_channel=BBCEarth
BBC Earth,13400000,2971,5056423019,43310,1486,50,2024-12-17T12:00:45Z,https://www.youtube.com/watch?v=XmGoeTUJuy4&ab_channel=BBCEarth
BBC Earth,13400000,2971,5056423019,241911,1771,106,2024-12-24T14:00:46Z,https://www.youtube.com/watch?v=g_NuYcwGEwU&ab_channel=BBCEarth
BBC Earth,13400000,2971,5056423019,94602,3377,158,2024-12-31T15:00:15Z,https://www.youtube.com/watch?v=9ZI5mt-BL-w&ab_channel=BBCEarth
BBC Earth,13400000,2971,5056423019,77010,1105,69,2025-01-07T16:00:28Z,https://www.youtube.com/watch?v=IkRyGUnA_rY&ab_channel=BBCEarth
BBC Earth,13400000,2971,5056423019,22934,252,22,2025-01-12T16:00:36Z,https://www.youtube.com/watch?v=cwulf6ZxFRo&ab_channel=BBCEarth
BBC Earth,13400000,2971,5056423019,3699022,23537,1103,2025-01-18T16:00:48Z,https://www.youtube.com/watch?v=l2-DCVBxgPI&ab_channel=BBCEarth
BBC Earth,13400000,2971,5056423019,175817,900,47,2025-01-26T16:00:14Z,https://www.youtube.com/watch?v=FcX5Zx11qlU&ab_channel=BBCEarth
BBC Earth,13400000,2971,5056423019,996311,5017,150,2025-02-01T17:00:25Z,https://www.youtube.com/watch?v=T7oExc711xE&ab_channel=BBCEarth
BBC Earth,13400000,2971,5056423019,200517,2880,158,2025-02-06T20:00:07Z,https://www.youtube.com/watch?v=E9RQnXpUzCM&ab_channel=BBCEarth
BBC Earth,13400000,2971,5056423019,525183,7732,461,2025-02-06T16:00:31Z,https://www.youtube.com/watch?v=QSBCOexk50I&ab_channel=BBCEarth
BBC Earth,13400000,2971,5056423019,498592,2014,106,2025-01-30T13:00:19Z,https://www.youtube.com/watch?v=HY1Wo0u3Cig&ab_channel=BBCEarth
BBC Earth,13400000,2971,5056423019,137319,1066,51,2025-01-23T17:00:57Z,https://www.youtube.com/watch?v=lyp6tM4ohEo&ab_channel=BBCEarth
BBC Earth,13400000,2971,5056423019,163576,1560,65,2025-01-16T17:00:14Z,https://www.youtube.com/watch?v=A_EpZX6v6fg&ab_channel=BBCEarth
BBC Earth,13400000,2971,5056423019,113618,1732,65,2025-01-11T16:00:50Z,https://www.youtube.com/watch?v=uQFAG5WHw0Q&ab_channel=BBCEarth
BBC Earth,13400000,2971,5056423019,68184,982,23,2025-01-06T17:33:25Z,https://www.youtube.com/watch?v=V-ImU_RZaqA&ab_channel=BBCEarth
BBC Earth,13400000,2971,5056423019,110718,994,28,2024-12-30T16:00:22Z,https://www.youtube.com/watch?v=JFxDIp-S1Kg&ab_channel=BBCEarth
BBC Earth,13400000,2971,5056423019,59946,1423,76,2024-12-23T16:00:25Z,https://www.youtube.com/watch?v=VEuqn9YDobU&ab_channel=BBCEarth
BBC Earth,13400000,2971,5056423019,168350,1930,84,2024-12-16T17:53:13Z,https://www.youtube.com/watch?v=meIi5DoYsIw&ab_channel=BBCEarth
BBC Earth,13400000,2971,5056423019,3808832,16821,499,2024-12-11T12:00:20Z,https://www.youtube.com/watch?v=GXnfBYPsAuE&ab_channel=BBCEarth
Practical Engineering,4230000,212,438857150,1095958,44276,2498,2025-02-04T14:00:02Z,https://www.youtube.com/watch?v=1ztGpGjO60o&ab_channel=EngineeringExplained
Practical Engineering,4230000,212,438857150,1784294,45251,2365,2025-01-21T14:01:04Z,https://www.youtube.com/watch?v=qQCB3N8Vaxk&ab_channel=EngineeringExplained
Practical Engineering,4230000,212,438857150,1082004,47871,1672,2025-01-07T14:00:31Z,https://www.youtube.com/watch?v=MNexLKROHmY&ab_channel=EngineeringExplained
Practical Engineering,4230000,212,438857150,1212184,34164,1490,2024-12-17T14:00:05Z,https://www.youtube.com/watch?v=5mYpQWPtfpo&ab_channel=EngineeringExplained
Engineering Explained,4000000,1002,870500133,486930,19268,1343,2024-12-27T15:01:11Z,https://www.youtube.com/watch?v=y2TuR4fR1W0&ab_channel=EngineeringExplained
Engineering Explained,4000000,1002,870500133,278262,9469,1245,2024-12-13T15:00:10Z,https://www.youtube.com/watch?v=BPxDBwHM7qk&ab_channel=EngineeringExplained
Two Minute Papers,1620000,955,149944520,55738,2292,191,2025-02-06T14:39:17Z,https://www.youtube.com/watch?v=Mhk-otOlo1c&ab_channel=TwoMinutePapers
Two Minute Papers,1620000,955,149944520,66404,2979,266,2025-02-04T11:30:13Z,https://www.youtube.com/watch?v=oKx2xQQl--Q&ab_channel=TwoMinutePapers
Two Minute Papers,1620000,955,149944520,63590,3201,150,2025-01-29T16:48:04Z,https://www.youtube.com/watch?v=jyhu1VipWpo&ab_channel=TwoMinutePapers
Two Minute Papers,1620000,955,149944520,126483,5648,737,2025-01-23T09:46:27Z,https://www.youtube.com/watch?v=btvB56PkvwE&ab_channel=TwoMinutePapers
Two Minute Papers,1620000,955,149944520,50726,1648,196,2025-01-21T16:15:50Z,https://www.youtube.com/watch?v=9Q0qPTKVTJE&ab_channel=TwoMinutePapers
Two Minute Papers,1620000,955,149944520,104946,3542,245,2025-01-19T17:36:16Z,https://www.youtube.com/watch?v=4TpwfbUjCYs&ab_channel=TwoMinutePapers
Two Minute Papers,1620000,955,149944520,105645,3619,306,2025-01-12T16:26:01Z,https://www.youtube.com/watch?v=_qQwSVzYNpA&ab_channel=TwoMinutePapers
Two Minute Papers,1620000,955,149944520,86487,3173,152,2025-01-07T09:05:46Z,https://www.youtube.com/watch?v=QhA2CH6Z-v4&ab_channel=TwoMinutePapers
Two Minute Papers,1620000,955,149944520,46450,2369,94,2025-01-04T15:53:43Z,https://www.youtube.com/watch?v=WZCOtnUT0b0&ab_channel=TwoMinutePapers
Two Minute Papers,1620000,955,149944520,262464,6936,814,2024-12-28T18:14:34Z,https://www.youtube.com/watch?v=DjSipUhjJX8&ab_channel=TwoMinutePapers
Two Minute Papers,1620000,955,149944520,86519,3291,368,2024-12-21T15:26:22Z,https://www.youtube.com/watch?v=AkegnIRF_S4&ab_channel=TwoMinutePapers
Two Minute Papers,1620000,955,149944520,76947,3123,164,2024-12-15T15:04:07Z,https://www.youtube.com/watch?v=QCllgrnk8So&ab_channel=TwoMinutePapers
Two Minute Papers,1620000,955,149944520,101427,3611,371,2024-12-13T18:33:38Z,https://www.youtube.com/watch?v=JYI1srodjeg&ab_channel=TwoMinutePapers
Fermilab,808000,469,79843278,6773,399,29,2025-02-06T16:15:02Z,https://www.youtube.com/watch?v=a7nh3dIiMBg&ab_channel=Fermilab
Fermilab,808000,469,79843278,45270,4308,273,2025-01-17T15:32:28Z,https://www.youtube.com/watch?v=y0BF-dMgZRk&ab_channel=Fermilab
Fermilab,808000,469,79843278,10174,507,36,2024-12-17T17:39:09Z,https://www.youtube.com/watch?v=D-GCEDwK4hs&ab_channel=Fermilab
Fermilab,808000,469,79843278,23624,1845,102,2024-12-11T16:43:00Z,https://www.youtube.com/watch?v=AZWsv2d2Yd4&ab_channel=Fermilab
The Organic Chemistry Tutor,9100000,2851,1428485698,31199,547,124,2025-01-31T12:58:31Z,https://www.youtube.com/watch?v=eBD2TZUh5VI&ab_channel=TheOrganicChemistryTutor
The Organic Chemistry Tutor,9100000,2851,1428485698,31997,409,70,2025-01-22T13:05:36Z,https://www.youtube.com/watch?v=yOrXqvO2M1M&ab_channel=TheOrganicChemistryTutor
The Organic Chemistry Tutor,9100000,2851,1428485698,33590,561,88,2025-01-02T22:03:52Z,https://www.youtube.com/watch?v=D5Iv3qbzl2k&ab_channel=TheOrganicChemistryTutor
Applied Science,854000,269,82577389,215146,12426,632,2025-02-01T04:05:43Z,https://www.youtube.com/watch?v=DQv0nlGsW-s&ab_channel=AppliedScience
Applied Science,854000,269,82577389,83786,7471,535,2025-01-01T00:29:55Z,https://www.youtube.com/watch?v=kiuXasyB3L0&ab_channel=AppliedScience
Eddie Woo,1900000,4977,175479597,8087,180,14,2025-01-23T03:00:06Z,https://www.youtube.com/watch?v=G34vXkOuU8M&ab_channel=EddieWoo
SciShow,8130000,3843,2087982238,295091,12601,561,2025-02-10T18:00:55Z,https://www.youtube.com/watch?v=xOoZb74Ysp8&ab_channel=SciShow
SciShow,8130000,3843,2087982238,236599,12966,1297,2025-02-07T18:00:12Z,https://www.youtube.com/watch?v=EJizDf-sqic&ab_channel=SciShow
SciShow,8130000,3843,2087982238,59602,3293,407,2025-02-06T18:00:17Z,https://www.youtube.com/watch?v=Osc2pT32940&ab_channel=SciShow
SciShow,8130000,3843,2087982238,248140,6768,467,2025-02-05T18:00:10Z,https://www.youtube.com/watch?v=8vv23GC-lhs&ab_channel=SciShow
SciShow,8130000,3843,2087982238,200343,12200,978,2025-02-04T18:00:20Z,https://www.youtube.com/watch?v=YYVa7DGXkl4&ab_channel=SciShow
SciShow,8130000,3843,2087982238,188275,8773,411,2025-02-03T18:00:33Z,https://www.youtube.com/watch?v=bGCD0J2IMX8&ab_channel=SciShow
SciShow,8130000,3843,2087982238,108482,6880,341,2025-01-31T18:00:43Z,https://www.youtube.com/watch?v=nKPRwoVjIL4&ab_channel=SciShow
SciShow,8130000,3843,2087982238,197642,10326,1033,2025-01-30T18:00:35Z,https://www.youtube.com/watch?v=gDKW0nldkxs&ab_channel=SciShow
SciShow,8130000,3843,2087982238,130633,7196,803,2025-01-29T18:00:48Z,https://www.youtube.com/watch?v=pjIyR44Da3s&ab_channel=SciShow
SciShow,8130000,3843,2087982238,273553,13249,944,2025-01-28T18:00:21Z,https://www.youtube.com/watch?v=_M7VhhptSrU&ab_channel=SciShow
SciShow,8130000,3843,2087982238,150982,6442,506,2025-01-27T18:00:27Z,https://www.youtube.com/watch?v=YbcI4MBW-aU&ab_channel=SciShow
SciShow,8130000,3843,2087982238,192273,9479,775,2025-01-24T18:00:09Z,https://www.youtube.com/watch?v=6Sgwn4JiUkM&ab_channel=SciShow
SciShow,8130000,3843,2087982238,255326,10719,348,2025-01-23T18:00:55Z,https://www.youtube.com/watch?v=y9sSNQNpILo&ab_channel=SciShow
SciShow,8130000,3843,2087982238,163400,7929,391,2025-01-22T18:00:02Z,https://www.youtube.com/watch?v=0sNYdSg1fL8&ab_channel=SciShow
SciShow,8130000,3843,2087982238,89564,4153,234,2025-01-21T21:45:05Z,https://www.youtube.com/watch?v=guPx59je6eE&ab_channel=SciShow
SciShow,8130000,3843,2087982238,164005,7985,810,2025-01-20T18:00:22Z,https://www.youtube.com/watch?v=K6OYz94o5EE&ab_channel=SciShow
SciShow,8130000,3843,2087982238,147461,8041,541,2025-01-17T18:00:21Z,https://www.youtube.com/watch?v=TSfjnNA1wdo&ab_channel=SciShow
SciShow,8130000,3843,2087982238,195630,10262,638,2025-01-16T18:00:52Z,https://www.youtube.com/watch?v=wfqhKKITC1w&ab_channel=SciShow
SciShow,8130000,3843,2087982238,186020,7900,432,2025-01-15T18:00:08Z,https://www.youtube.com/watch?v=5Htj0cURi2Q&ab_channel=SciShow
SciShow,8130000,3843,2087982238,182420,9530,814,2025-01-14T18:00:30Z,https://www.youtube.com/watch?v=UEuz5ZHABtI&ab_channel=SciShow
SciShow,8130000,3843,2087982238,57200,4831,159,2025-01-13T18:00:29Z,https://www.youtube.com/watch?v=kJT0-6jzAXU&ab_channel=SciShow
Veritasium,17300000,430,3121833870,6756855,250075,10857,2025-02-10T14:03:41Z,https://www.youtube.com/watch?v=P_fHJIYENdI&ab_channel=Veritasium
Veritasium,17300000,430,3121833870,9513436,211215,7899,2025-02-05T15:02:34Z,https://www.youtube.com/watch?v=88bMVbx1dzM&ab_channel=Veritasium
Veritasium,17300000,430,3121833870,9097739,202232,7541,2025-01-28T19:17:22Z,https://www.youtube.com/watch?v=Ni82f1-cAXg&ab_channel=Veritasium
Veritasium,17300000,430,3121833870,5691165,115391,5060,2025-01-21T16:58:06Z,https://www.youtube.com/watch?v=H6q6pYZ9Fho&ab_channel=Veritasium
MinuteEarth,3090000,400,528771816,1118688,45320,1883,2025-01-30T19:14:29Z,https://www.youtube.com/watch?v=CHTMZiXeB6A&ab_channel=MinuteEarth
MinuteEarth,3090000,400,528771816,192611,6186,312,2025-01-24T17:10:16Z,https://www.youtube.com/watch?v=OCfvQGj4jVQ&ab_channel=MinuteEarth
SmarterEveryDay,11600000,387,1224242099,1923575,78701,5892,2025-01-31T17:00:05Z,https://www.youtube.com/watch?v=JVROsxtjoCw&ab_channel=SmarterEveryDay
CrashCourse,16200000,1608,2080575940,38338,2202,120,2025-02-06T17:00:43Z,https://www.youtube.com/watch?v=_URf07Rb_EU&ab_channel=CrashCourse
CrashCourse,16200000,1608,2080575940,121904,7157,0,2025-02-04T17:00:09Z,https://www.youtube.com/watch?v=9peemRxUtkE&ab_channel=CrashCourse
CrashCourse,16200000,1608,2080575940,52370,2820,89,2025-01-30T17:01:05Z,https://www.youtube.com/watch?v=t44-uHyzvCw&ab_channel=CrashCourse
CrashCourse,16200000,1608,2080575940,101795,5840,0,2025-01-28T17:00:41Z,https://www.youtube.com/watch?v=Z38LrPadz3Y&ab_channel=CrashCourse
CrashCourse,16200000,1608,2080575940,58669,3255,163,2025-01-23T17:00:58Z,https://www.youtube.com/watch?v=rbSqLQmT2gc&ab_channel=CrashCourse
CrashCourse,16200000,1608,2080575940,90229,5116,57,2025-01-21T19:15:01Z,https://www.youtube.com/watch?v=Y-YbgGYsHig&ab_channel=CrashCourse
CrashCourse,16200000,1608,2080575940,54839,2940,75,2025-01-16T17:01:10Z,https://www.youtube.com/watch?v=z_qBal5qwAY&ab_channel=CrashCourse
CrashCourse,16200000,1608,2080575940,117561,6550,88,2025-01-14T17:00:47Z,https://www.youtube.com/watch?v=flmfrzshA9s&ab_channel=CrashCourse
PBS Eons,3060000,449,713848898,118046,4444,410,2025-02-04T15:00:12Z,https://www.youtube.com/watch?v=CDB0m0hO8qk&ab_channel=PBSEons
PBS Eons,3060000,449,713848898,182808,10663,309,2025-01-28T15:00:30Z,https://www.youtube.com/watch?v=HDNFIfeM1uU&ab_channel=PBSEons
PBS Eons,3060000,449,713848898,123977,4835,721,2025-01-21T15:08:31Z,https://www.youtube.com/watch?v=wiYzLexX8co&ab_channel=PBSEons
PBS Eons,3060000,449,713848898,216726,12422,470,2025-01-14T15:01:14Z,https://www.youtube.com/watch?v=y4ouRg_RbVY&ab_channel=PBSEons
RealLifeLore,7730000,429,1779790826,1516879,33751,6735,2025-01-31T17:45:22Z,https://www.youtube.com/watch?v=x8j2uWw3WfU&ab_channel=RealLifeLore
RealLifeLore,7730000,429,1779790826,1242803,32926,2846,2025-01-25T17:40:41Z,https://www.youtube.com/watch?v=oytfhLUy0Fg&ab_channel=RealLifeLore
RealLifeLore,7730000,429,1779790826,1414611,31529,3639,2025-01-18T18:36:05Z,https://www.youtube.com/watch?v=0o7DCqciH2E&ab_channel=RealLifeLore
JerryRigEverything,9190000,1320,2372797378,2111449,67452,4099,2025-02-04T13:23:00Z,https://www.youtube.com/watch?v=LggCBrh5tDE
JerryRigEverything,9190000,1320,2372797378,3480036,104234,7362,2025-02-01T17:31:33Z,https://www.youtube.com/watch?v=kN9YYURZD5Q
JerryRigEverything,9190000,1320,2372797378,886032,27941,1476,2025-01-28T17:08:54Z,https://www.youtube.com/watch?v=JNF5R11mX-8
JerryRigEverything,9190000,1320,2372797378,545271,20905,1281,2025-01-18T14:47:00Z,https://www.youtube.com/watch?v=vUdrHqmlj7E
JerryRigEverything,9190000,1320,2372797378,332200,13146,882,2025-01-14T20:31:32Z,https://www.youtube.com/watch?v=8OVknjzprAE
JerryRigEverything,9190000,1320,2372797378,538440,18320,1193,2025-01-08T18:33:12Z,https://www.youtube.com/watch?v=W0jcAJlFP-g
ElectroBOOM,8170000,334,1243717051,635147,36328,1482,2025-01-22T17:01:19Z,https://www.youtube.com/watch?v=66Gvth4wHiA
ElectroBOOM,8170000,334,1243717051,821234,44233,2430,2024-12-22T17:00:03Z,https://www.youtube.com/watch?v=NQE6uNrSd-4
Computerphile,2500000,839,219926254,78923,3155,130,2025-02-06T17:45:01Z,https://www.youtube.com/watch?v=SAk-6gVkio0
Computerphile,2500000,839,219926254,1429520,56093,3681,2025-01-28T21:22:19Z,https://www.youtube.com/watch?v=gY4Z-9QlZ64
Computerphile,2500000,839,219926254,97683,4080,685,2025-01-21T16:01:47Z,https://www.youtube.com/watch?v=OKc2hAmMOY4
Computerphile,2500000,839,219926254,43488,1200,76,2025-01-16T20:44:22Z,https://www.youtube.com/watch?v=dZ0SQrr4g8g
Computerphile,2500000,839,219926254,169794,6652,519,2025-01-07T16:00:32Z,https://www.youtube.com/watch?v=PpaQrzoDW2I
PBS Space Time,3250000,410,491200172,911571,92488,13420,2025-01-30T21:15:01Z,https://www.youtube.com/watch?v=GjkqedrTwZo
PBS Space Time,3250000,410,491200172,504873,67682,12100,2025-01-23T21:15:04Z,https://www.youtube.com/watch?v=SXg6YVcdOcA
PBS Space Time,3250000,410,491200172,730722,24803,1943,2025-01-16T21:15:02Z,https://www.youtube.com/watch?v=wh75ubECL8I
PBS Space Time,3250000,410,491200172,518414,17979,1375,2024-12-19T20:29:53Z,https://www.youtube.com/watch?v=KXPhaAsnrfs
Professor Dave Explains,3630000,1692,381568093,4296,172,27,2025-02-10T15:00:41Z,https://www.youtube.com/watch?v=UMi6q3o4Evw
Professor Dave Explains,3630000,1692,381568093,7651,251,60,2025-02-07T15:00:28Z,https://www.youtube.com/watch?v=OFet4FfpBxY
Professor Dave Explains,3630000,1692,381568093,183615,13272,3134,2025-02-06T22:31:56Z,https://www.youtube.com/watch?v=-2mPGg9qo-w
Professor Dave Explains,3630000,1692,381568093,9404,623,73,2025-02-05T15:00:26Z,https://www.youtube.com/watch?v=L7onUpN5CNM
Professor Dave Explains,3630000,1692,381568093,164201,12081,1940,2025-02-04T15:00:02Z,https://www.youtube.com/watch?v=1K8MUh1wA8M
Professor Dave Explains,3630000,1692,381568093,10210,480,72,2025-02-03T15:00:23Z,https://www.youtube.com/watch?v=EpiayTAiD30
Professor Dave Explains,3630000,1692,381568093,490874,24441,7606,2025-02-01T15:00:08Z,https://www.youtube.com/watch?v=4okBkJUlMiI
Professor Dave Explains,3630000,1692,381568093,17314,990,322,2025-01-31T15:01:13Z,https://www.youtube.com/watch?v=pz1ghfuK1sk
Professor Dave Explains,3630000,1692,381568093,11068,431,58,2025-01-29T15:00:42Z,https://www.youtube.com/watch?v=VQcbNOrpjig
Professor Dave Explains,3630000,1692,381568093,3958,154,30,2025-01-27T15:00:09Z,https://www.youtube.com/watch?v=5GHcXUxcRMQ
Professor Dave Explains,3630000,1692,381568093,344625,16100,3269,2025-01-25T15:00:49Z,https://www.youtube.com/watch?v=barCAOnHa3w
Professor Dave Explains,3630000,1692,381568093,7306,303,66,2025-01-24T15:01:18Z,https://www.youtube.com/watch?v=z3Z4Yx42cZs
Professor Dave Explains,3630000,1692,381568093,8991,494,46,2025-01-22T15:00:14Z,https://www.youtube.com/watch?v=DOGKf581Cj8
Professor Dave Explains,3630000,1692,381568093,9096,439,31,2025-01-20T15:00:50Z,https://www.youtube.com/watch?v=ZBPT-_Z_FGA
Professor Dave Explains,3630000,1692,381568093,1755398,57601,18998,2025-01-17T15:00:33Z,https://www.youtube.com/watch?v=JsETzrRr3is
Professor Dave Explains,3630000,1692,381568093,6323,361,63,2025-01-15T15:00:32Z,https://www.youtube.com/watch?v=H8u3bttQPC8
Professor Dave Explains,3630000,1692,381568093,4832,170,32,2025-01-13T15:00:35Z,https://www.youtube.com/watch?v=QyLe8JKa-0A
Stated Clearly,566000,147,48558018,3386,209,26,2025-02-04T20:21:39Z,https://www.youtube.com/watch?v=psVjK5Gg-ho
Physics Explained,242000,27,11834031,26995,1450,209,2025-02-03T20:00:06Z,https://www.youtube.com/watch?v=AjYzhoWHsk8
Physics Explained,242000,27,11834031,260821,9008,498,2025-01-20T21:00:06Z,https://www.youtube.com/watch?v=vjDvBP5IU-4
Physics Explained,242000,27,11834031,97308,3538,272,2025-01-27T20:00:06Z,https://www.youtube.com/watch?v=zvyxArI67vw
Physics Explained,242000,27,11834031,20035,1382,108,2025-01-12T17:59:29Z,https://www.youtube.com/watch?v=hMkUdTQ2amw
Periodic Videos,1620000,729,290776563,47996,3736,264,2025-01-21T13:38:06Z,https://www.youtube.com/watch?v=xNbDe0K-p8w
Periodic Videos,1620000,729,290776563,28513,1156,128,2025-01-06T15:51:27Z,https://www.youtube.com/watch?v=Swq8pmNgUQ4