,Channel Name,Subscriber Count,Total Videos,Total Views,View Count,Like Count,Comment Count,Video Posted,Video Link,time_since_posting,View/Sub
0,The Infographics Show,14900000,5412,6295758679,66045,2525,496,2025-02-11 00:11:00,https://www.youtube.com/watch?v=w2SYMSemBI0&ab_channel=TheInfographicsShow,29,0.00443255033557047
1,The Infographics Show,14900000,5412,6295758679,629416,20117,3153,2025-02-09 15:11:00,https://www.youtube.com/watch?v=beWI6TOjXG4&ab_channel=TheInfographicsShow,31,0.04224268456375839
2,The Infographics Show,14900000,5412,6295758679,50075,546,33,2025-02-09 03:11:00,https://www.youtube.com/watch?v=XVS3vFs7sBU&ab_channel=TheInfographicsShow,31,0.003360738255033557
3,The Infographics Show,14900000,5412,6295758679,84077,2041,220,2025-02-08 15:11:00,https://www.youtube.com/watch?v=p8YmQPzknNg&ab_channel=TheInfographicsShow,32,0.005642751677852349
4,The Infographics Show,14900000,5412,6295758679,265281,7885,1104,2025-02-08 00:37:00,https://www.youtube.com/watch?v=F9EWqjuWlwQ&ab_channel=TheInfographicsShow,32,0.017804093959731544
5,The Infographics Show,14900000,5412,6295758679,397288,8338,813,2025-02-07 19:11:00,https://www.youtube.com/watch?v=hsMEyeGq8rY&ab_channel=TheInfographicsShow,33,0.026663624161073825
6,The Infographics Show,14900000,5412,6295758679,506630,10438,752,2025-02-07 00:11:00,https://www.youtube.com/watch?v=GCGwkgUW2sc&ab_channel=TheInfographicsShow,33,0.03400201342281879
7,The Infographics Show,14900000,5412,6295758679,149159,3320,1096,2025-02-06 19:11:00,https://www.youtube.com/watch?v=SsbZcM0UcZg&ab_channel=TheInfographicsShow,34,0.010010671140939597
8,The Infographics Show,14900000,5412,6295758679,339557,4945,438,2025-02-05 19:11:00,https://www.youtube.com/watch?v=2bdTSw8vico&ab_channel=TheInfographicsShow,35,0.022789060402684563
9,The Infographics Show,14900000,5412,6295758679,1175454,29251,7386,2025-02-05 00:11:00,https://www.youtube.com/watch?v=NoAHi_mzzBQ&ab_channel=TheInfographicsShow,35,0.07888953020134228
10,The Infographics Show,14900000,5412,6295758679,259935,4626,236,2025-02-03 19:11:00,https://www.youtube.com/watch?v=D5PE6k9TOpM&ab_channel=TheInfographicsShow,37,0.017445302013422818
11,The Infographics Show,14900000,5412,6295758679,398198,6219,532,2025-02-02 21:11:00,https://www.youtube.com/watch?v=EsF-_VO62ZE&ab_channel=TheInfographicsShow,38,0.02672469798657718
12,The Infographics Show,14900000,5412,6295758679,66498,1581,270,2025-02-02 15:11:00,https://www.youtube.com/watch?v=LeuSethjniE&ab_channel=TheInfographicsShow,38,0.004462953020134228
13,The Infographics Show,14900000,5412,6295758679,110228,641,46,2025-02-02 03:11:00,https://www.youtube.com/watch?v=RW7fcF1NPHY&ab_channel=TheInfographicsShow,38,0.007397852348993288
14,The Infographics Show,14900000,5412,6295758679,86659,2279,182,2025-02-01 15:11:00,https://www.youtube.com/watch?v=dQKeaIUAJt4&ab_channel=TheInfographicsShow,39,0.005816040268456376
15,The Infographics Show,14900000,5412,6295758679,294116,5426,688,2025-01-25 21:11:00,https://www.youtube.com/watch?v=sQpH29KEuNg&ab_channel=TheInfographicsShow,46,0.019739328859060403
16,The Infographics Show,14900000,5412,6295758679,222453,4369,599,2025-01-22 00:11:00,https://www.youtube.com/watch?v=IA6EzwPmBg0&ab_channel=TheInfographicsShow,49,0.014929731543624161
17,The Infographics Show,14900000,5412,6295758679,263725,4789,219,2025-01-15 19:11:00,https://www.youtube.com/watch?v=madFr3AQFP4&ab_channel=TheInfographicsShow,56,0.0176996644295302
18,The Infographics Show,14900000,5412,6295758679,205309,4145,308,2025-01-09 21:11:00,https://www.youtube.com/watch?v=h2Gk5vYTBDY&ab_channel=TheInfographicsShow,62,0.013779127516778523
19,The Infographics Show,14900000,5412,6295758679,143376,1698,150,2025-01-04 03:11:00,https://www.youtube.com/watch?v=9jGTMb_JIVc&ab_channel=TheInfographicsShow,67,0.00962255033557047
20,The Infographics Show,14900000,5412,6295758679,186735,3782,168,2025-01-10 19:11:00,https://www.youtube.com/watch?v=5g9kzwsPXF8&ab_channel=TheInfographicsShow,61,0.01253255033557047
21,The Infographics Show,14900000,5412,6295758679,180071,4556,574,2025-01-31 20:11:00,https://www.youtube.com/watch?v=h9vV20Bh4cY&ab_channel=TheInfographicsShow,40,0.01208530201342282
22,The Infographics Show,14900000,5412,6295758679,272347,6177,336,2025-01-30 19:11:00,https://www.youtube.com/watch?v=pB6nlxuytLU&ab_channel=TheInfographicsShow,41,0.018278322147651006
23,The Infographics Show,14900000,5412,6295758679,61830,1758,85,2025-01-30 18:02:16,https://www.youtube.com/watch?v=LTu6JMvWBLQ&ab_channel=TheInfographicsShow,41,0.004149664429530201
24,The Infographics Show,14900000,5412,6295758679,357865,6737,314,2025-01-29 19:11:00,https://www.youtube.com/watch?v=dq2ygaBLI7c&ab_channel=TheInfographicsShow,42,0.02401778523489933
25,AsapSCIENCE,10700000,495,1982624545,101116,7041,467,2025-02-06 16:30:58,https://www.youtube.com/watch?v=wQDWQDWHFx0&ab_channel=AsapSCIENCE,34,0.009450093457943926
26,AsapSCIENCE,10700000,495,1982624545,290601,9879,1171,2025-01-29 17:00:22,https://www.youtube.com/watch?v=FAVKyXv9W_4&ab_channel=AsapSCIENCE,42,0.027158971962616824
27,AsapSCIENCE,10700000,495,1982624545,221618,12183,924,2025-01-16 17:00:18,https://www.youtube.com/watch?v=CLGPSuwrtuA&ab_channel=AsapSCIENCE,55,0.02071196261682243
28,National Geographic,24300000,10585,6330642864,33175,1211,56,2025-02-10 16:00:27,https://www.youtube.com/watch?v=JDIAcRSPbnk&ab_channel=NationalGeographic,30,0.0013652263374485597
29,National Geographic,24300000,10585,6330642864,306807,4771,460,2025-02-09 16:00:41,https://www.youtube.com/watch?v=fauq7fm2xIE&ab_channel=NationalGeographic,31,0.012625802469135803
30,National Geographic,24300000,10585,6330642864,538580,4334,310,2025-02-08 16:00:44,https://www.youtube.com/watch?v=jAf4_7jIhls&ab_channel=NationalGeographic,32,0.022163786008230452
31,National Geographic,24300000,10585,6330642864,185285,4486,317,2025-02-06 16:00:12,https://www.youtube.com/watch?v=DWja0NX7jNQ&ab_channel=NationalGeographic,34,0.007624897119341564
32,National Geographic,24300000,10585,6330642864,372616,3606,351,2025-02-02 16:00:32,https://www.youtube.com/watch?v=SztVA7ZF8Kk&ab_channel=NationalGeographic,38,0.015333991769547325
33,National Geographic,24300000,10585,6330642864,1431521,9837,473,2025-02-01 16:00:33,https://www.youtube.com/watch?v=W0gUYsICueI&ab_channel=NationalGeographic,39,0.058910329218106995
34,National Geographic,24300000,10585,6330642864,470996,11096,348,2025-01-30 20:00:16,https://www.youtube.com/watch?v=X_dVQErdQvk&ab_channel=NationalGeographic,41,0.01938255144032922
35,National Geographic,24300000,10585,6330642864,350852,4024,373,2025-01-30 16:00:57,https://www.youtube.com/watch?v=zD_FVxsckb0&ab_channel=NationalGeographic,41,0.01443835390946502
36,National Geographic,24300000,10585,6330642864,425913,6470,1314,2025-01-25 16:00:13,https://www.youtube.com/watch?v=8DMmkp_F25Y&ab_channel=NationalGeographic,46,0.017527283950617284
37,National Geographic,24300000,10585,6330642864,87400,1363,49,2025-01-22 17:59:57,https://www.youtube.com/watch?v=WREUVldK2M8&ab_channel=NationalGeographic,49,0.003596707818930041
38,National Geographic,24300000,10585,6330642864,1750080,10345,671,2025-01-19 16:00:05,https://www.youtube.com/watch?v=4DAuTMsOoKw&ab_channel=NationalGeographic,52,0.07201975308641975
39,National Geographic,24300000,10585,6330642864,158207,2067,104,2025-01-16 16:01:00,https://www.youtube.com/watch?v=o7Esv2MEQLQ&ab_channel=NationalGeographic,55,0.006510576131687242
40,National Geographic,24300000,10585,6330642864,13302,316,13,2025-01-14 23:14:12,https://www.youtube.com/watch?v=VNXcSsqWO-I&ab_channel=NationalGeographic,57,0.0005474074074074074
41,National Geographic,24300000,10585,6330642864,173784,801,26,2025-01-14 15:00:08,https://www.youtube.com/watch?v=342SPkLqeh0&ab_channel=NationalGeographic,57,0.007151604938271605
42,National Geographic,24300000,10585,6330642864,2041878,19701,343,2025-01-11 16:00:14,https://www.youtube.com/watch?v=Dpu3XoY3wQw&ab_channel=NationalGeographic,60,0.0840279012345679
43,National Geographic,24300000,10585,6330642864,551255,6926,470,2025-01-12 16:00:42,https://www.youtube.com/watch?v=nZ5VWmOxZwU&ab_channel=NationalGeographic,59,0.022685390946502057
44,Neso Academy,2840000,2808,664638099,2867,60,3,2025-02-10 13:30:31,https://www.youtube.com/watch?v=ZfDBINXhWXg&ab_channel=NesoAcademy,30,0.0010095070422535212
45,Neso Academy,2840000,2808,664638099,3135,58,3,2025-02-08 13:30:20,https://www.youtube.com/watch?v=bp8DsBI6Oik&ab_channel=NesoAcademy,32,0.0011038732394366196
46,Neso Academy,2840000,2808,664638099,3677,60,4,2025-02-06 13:30:14,https://www.youtube.com/watch?v=MR0PK0qkCD8&ab_channel=NesoAcademy,34,0.0012947183098591549
47,Neso Academy,2840000,2808,664638099,3808,73,7,2025-02-03 13:30:12,https://www.youtube.com/watch?v=KqBiGOdce74&ab_channel=NesoAcademy,37,0.0013408450704225352
48,Neso Academy,2840000,2808,664638099,4024,82,9,2025-02-01 13:30:00,https://www.youtube.com/watch?v=-8bYtApJNos&ab_channel=NesoAcademy,39,0.0014169014084507042
49,Neso Academy,2840000,2808,664638099,4112,67,9,2025-01-30 14:00:30,https://www.youtube.com/watch?v=Jtai4ogSsB4&ab_channel=NesoAcademy,41,0.001447887323943662
50,Neso Academy,2840000,2808,664638099,4619,88,5,2025-01-28 13:30:07,https://www.youtube.com/watch?v=CSX0OlOYWps&ab_channel=NesoAcademy,43,0.0016264084507042254
51,Neso Academy,2840000,2808,664638099,6916,140,18,2025-01-26 13:30:31,https://www.youtube.com/watch?v=Zqo-qNNMmdA&ab_channel=NesoAcademy,45,0.002435211267605634
52,Neso Academy,2840000,2808,664638099,2098,40,8,2025-01-24 14:15:04,https://www.youtube.com/watch?v=x9o4NuBz8mM&ab_channel=NesoAcademy,47,0.0007387323943661972
53,Neso Academy,2840000,2808,664638099,2578,30,9,2025-01-22 13:30:21,https://www.youtube.com/watch?v=UT4ML93lKIs&ab_channel=NesoAcademy,49,0.0009077464788732394
54,Neso Academy,2840000,2808,664638099,3214,34,3,2025-01-20 13:30:21,https://www.youtube.com/watch?v=LxEQRIBR9IM&ab_channel=NesoAcademy,51,0.0011316901408450705
55,Neso Academy,2840000,2808,664638099,4114,47,1,2025-01-18 14:15:01,https://www.youtube.com/watch?v=6tmq2I3gEDU&ab_channel=NesoAcademy,53,0.0014485915492957746
56,Neso Academy,2840000,2808,664638099,4622,89,3,2025-01-16 13:30:38,https://www.youtube.com/watch?v=uujDdvDQsaE&ab_channel=NesoAcademy,55,0.0016274647887323944
57,Neso Academy,2840000,2808,664638099,3881,84,11,2025-01-14 13:30:30,https://www.youtube.com/watch?v=Zp6Eu-eWpEE&ab_channel=NesoAcademy,57,0.001366549295774648
58,Neso Academy,2840000,2808,664638099,6635,102,5,2025-01-12 13:30:32,https://www.youtube.com/watch?v=lhsT7a1akao&ab_channel=NesoAcademy,59,0.0023362676056338026
59,DiodeGoneWild,238000,567,53153608,70065,4627,404,2025-01-29 10:59:05,https://www.youtube.com/watch?v=hXTQP4eFmf0&ab_channel=DiodeGoneWild,42,0.294390756302521
60,DiodeGoneWild,238000,567,53153608,15887,1333,98,2025-01-22 14:24:14,https://www.youtube.com/watch?v=M00cF6i1N-w&ab_channel=DiodeGoneWild,49,0.06675210084033613
61,DiodeGoneWild,238000,567,53153608,21793,1834,99,2025-01-17 15:08:52,https://www.youtube.com/watch?v=M4XWi0Diazo&ab_channel=DiodeGoneWild,54,0.0915672268907563
62,Science Channel,5060000,2480,1287869923,10697,327,9,2025-02-08 16:00:00,https://www.youtube.com/watch?v=-JgNSFGA84Q&ab_channel=ScienceChannel,32,0.0021140316205533597
63,Science Channel,5060000,2480,1287869923,41657,658,16,2025-02-01 16:01:03,https://www.youtube.com/watch?v=vNxAGznAjfs&ab_channel=ScienceChannel,39,0.008232608695652174
64,Science Channel,5060000,2480,1287869923,144363,1092,30,2025-02-01 16:00:32,https://www.youtube.com/watch?v=SnD3LzXCeSw&ab_channel=ScienceChannel,39,0.028530237154150196
65,Science Channel,5060000,2480,1287869923,23650,456,12,2025-01-30 16:00:06,https://www.youtube.com/watch?v=6dwuD7ITwt8&ab_channel=ScienceChannel,41,0.004673913043478261
66,Science Channel,5060000,2480,1287869923,19203,505,51,2025-01-29 23:00:33,https://www.youtube.com/watch?v=RB1iJufG9iU&ab_channel=ScienceChannel,42,0.0037950592885375493
67,Science Channel,5060000,2480,1287869923,26178,568,21,2025-01-25 16:00:50,https://www.youtube.com/watch?v=tolnNAZLtwI&ab_channel=ScienceChannel,46,0.005173517786561265
68,Science Channel,5060000,2480,1287869923,155460,5485,164,2025-01-22 23:00:47,https://www.youtube.com/watch?v=lZdoUgNTE8E&ab_channel=ScienceChannel,49,0.030723320158102765
69,Science Channel,5060000,2480,1287869923,16192,353,12,2025-01-22 16:00:56,https://www.youtube.com/watch?v=oO_2HIWRkiU&ab_channel=ScienceChannel,49,0.0032
70,Science Channel,5060000,2480,1287869923,22154,402,19,2025-01-21 20:00:02,https://www.youtube.com/watch?v=ayfpSPjUzZY&ab_channel=ScienceChannel,50,0.004378260869565218
71,Science Channel,5060000,2480,1287869923,168434,4331,207,2025-01-15 16:00:25,https://www.youtube.com/watch?v=NITLH13auIQ&ab_channel=ScienceChannel,56,0.033287351778656125
72,Science Channel,5060000,2480,1287869923,73459,1162,99,2025-01-14 23:00:00,https://www.youtube.com/watch?v=a1uB6vDS-nc&ab_channel=ScienceChannel,57,0.014517588932806325
73,Science Channel,5060000,2480,1287869923,23679,406,8,2025-01-13 20:00:20,https://www.youtube.com/watch?v=jeRn5ngQSok&ab_channel=ScienceChannel,58,0.004679644268774703
74,Chemistry in a Nutshell,4860,71,405753,73,4,2,2025-02-05 13:56:44,https://www.youtube.com/watch?v=rHJ-O_xGgk0&ab_channel=ChemistryinaNutshell,35,0.015020576131687243
75,CGP Grey,6680000,193,1132354281,2188664,136918,148,2025-01-28 21:45:11,https://www.youtube.com/watch?v=1K5oDtVAYzk&ab_channel=CGPGrey,43,0.32764431137724553
76,CGP Grey,6680000,193,1132354281,309931,13834,28,2025-01-28 21:30:08,https://www.youtube.com/watch?v=lk4lBV5wgGM&ab_channel=CGPGrey,43,0.046396856287425146
77,Khan Academy,8830000,8636,2155703876,7194,204,0,2025-02-05 08:00:48,https://www.youtube.com/watch?v=thXilnp5UNQ&ab_channel=KhanAcademy,35,0.000814722536806342
78,Khan Academy,8830000,8636,2155703876,5724,132,0,2025-02-03 17:58:51,https://www.youtube.com/watch?v=NcrsPIv6NdI&ab_channel=KhanAcademy,37,0.0006482446206115515
79,Khan Academy,8830000,8636,2155703876,7924,187,0,2025-01-29 08:00:03,https://www.youtube.com/watch?v=36nlbUdRvUM&ab_channel=KhanAcademy,42,0.0008973952434881087
80,Khan Academy,8830000,8636,2155703876,12399,304,0,2025-01-22 08:00:15,https://www.youtube.com/watch?v=Jg3Fo4WD8XE&ab_channel=KhanAcademy,49,0.0014041902604756513
81,Khan Academy,8830000,8636,2155703876,13196,230,11,2025-01-17 17:46:30,https://www.youtube.com/watch?v=t4ODg51XNYk&ab_channel=KhanAcademy,54,0.0014944507361268403
82,Khan Academy,8830000,8636,2155703876,6374,99,16,2025-01-15 16:23:47,https://www.youtube.com/watch?v=kFmtXeKPId4&ab_channel=KhanAcademy,56,0.0007218573046432616
83,Khan Academy,8830000,8636,2155703876,2278,35,0,2025-01-15 13:24:11,https://www.youtube.com/watch?v=fS3TOHnUwdw&ab_channel=KhanAcademy,56,0.0002579841449603624
84,Khan Academy,8830000,8636,2155703876,2314,41,0,2025-01-15 13:23:18,https://www.youtube.com/watch?v=pq36jdgmuzw&ab_channel=KhanAcademy,56,0.0002620611551528879
85,Khan Academy,8830000,8636,2155703876,3682,63,0,2025-01-15 13:23:15,https://www.youtube.com/watch?v=hVlFzfHc3t0&ab_channel=KhanAcademy,56,0.0004169875424688562
86,Khan Academy,8830000,8636,2155703876,1698,36,0,2025-01-15 13:22:44,https://www.youtube.com/watch?v=N8P_IjvzGPY&ab_channel=KhanAcademy,56,0.00019229898074745187
87,Khan Academy,8830000,8636,2155703876,6182,146,0,2025-01-15 08:00:28,https://www.youtube.com/watch?v=KyBgxe-rU48&ab_channel=KhanAcademy,56,0.0007001132502831258
88,Khan Academy,8830000,8636,2155703876,3210,52,4,2025-01-14 22:38:51,https://www.youtube.com/watch?v=ClwmqcEewRc&ab_channel=KhanAcademy,57,0.0003635334088335221
89,Khan Academy,8830000,8636,2155703876,2259,34,0,2025-01-14 22:06:28,https://www.youtube.com/watch?v=Oa0u7ZsRhOw&ab_channel=KhanAcademy,57,0.0002558323895809739
90,Khan Academy,8830000,8636,2155703876,3017,51,0,2025-01-14 22:06:24,https://www.youtube.com/watch?v=ikw1-ZWf8qw&ab_channel=KhanAcademy,57,0.0003416761041902605
91,Khan Academy,8830000,8636,2155703876,2209,57,1,2025-01-14 22:03:14,https://www.youtube.com/watch?v=xUbgRHeCOyY&ab_channel=KhanAcademy,57,0.0002501698754246886
92,Khan Academy,8830000,8636,2155703876,1311,19,0,2025-01-14 21:53:43,https://www.youtube.com/watch?v=K-JL39rcJlA&ab_channel=KhanAcademy,57,0.00014847112117780294
93,Khan Academy,8830000,8636,2155703876,1470,23,1,2025-01-14 21:52:43,https://www.youtube.com/watch?v=uwjKRjIfxhE&ab_channel=KhanAcademy,57,0.0001664779161947905
94,Khan Academy,8830000,8636,2155703876,1496,23,1,2025-01-14 21:21:52,https://www.youtube.com/watch?v=L3eaXsALPAM&ab_channel=KhanAcademy,57,0.0001694224235560589
95,Khan Academy,8830000,8636,2155703876,1522,27,0,2025-01-14 21:10:25,https://www.youtube.com/watch?v=BjH-5npLi6s&ab_channel=KhanAcademy,57,0.0001723669309173273
96,Khan Academy,8830000,8636,2155703876,3211,104,5,2025-01-14 21:05:50,https://www.youtube.com/watch?v=K_3u0e3XwCQ&ab_channel=KhanAcademy,57,0.0003636466591166478
97,Khan Academy,8830000,8636,2155703876,2185,56,5,2025-01-14 20:37:14,https://www.youtube.com/watch?v=_11QgROQ9mY&ab_channel=KhanAcademy,57,0.0002474518686296716
98,Khan Academy,8830000,8636,2155703876,4375,80,6,2025-01-14 19:43:20,https://www.youtube.com/watch?v=JC24Qcpyn9E&ab_channel=KhanAcademy,57,0.0004954699886749717
99,Khan Academy,8830000,8636,2155703876,7515,176,0,2025-01-08 08:00:36,https://www.youtube.com/watch?v=gGalnVpaom8&ab_channel=KhanAcademy,63,0.0008510758776896942
100,Khan Academy,8830000,8636,2155703876,7177,174,0,2025-01-08 08:00:29,https://www.youtube.com/watch?v=PeNjuIQFd9U&ab_channel=KhanAcademy,63,0.000812797281993205
101,Khan Academy,8830000,8636,2155703876,9598,104,11,2024-12-17 19:16:33,https://www.youtube.com/watch?v=7McrG9taZak&ab_channel=KhanAcademy,85,0.0010869762174405436
102,Khan Academy,8830000,8636,2155703876,5495,97,7,2024-12-16 05:00:02,https://www.youtube.com/watch?v=1noGzLswKNc&ab_channel=KhanAcademy,86,0.0006223103057757645
103,TED-Ed,21200000,2239,4225308210,196761,7746,490,2025-02-06 16:00:41,https://www.youtube.com/watch?v=dbXFXmSaoD4&ab_channel=TED-Ed,34,0.009281179245283018
104,TED-Ed,21200000,2239,4225308210,628584,31885,560,2025-02-04 16:01:28,https://www.youtube.com/watch?v=kD3-DKkiVeA&ab_channel=TED-Ed,36,0.029650188679245282
105,TED-Ed,21200000,2239,4225308210,192300,7571,420,2025-01-30 16:01:24,https://www.youtube.com/watch?v=d3RlT7qzAUE&ab_channel=TED-Ed,41,0.009070754716981133
106,TED-Ed,21200000,2239,4225308210,219949,9322,347,2025-01-28 16:01:32,https://www.youtube.com/watch?v=Qxby1J5bnPQ&ab_channel=TED-Ed,43,0.01037495283018868
107,TED-Ed,21200000,2239,4225308210,297797,12832,447,2025-01-23 16:01:54,https://www.youtube.com/watch?v=sbXie768ZZQ&ab_channel=TED-Ed,48,0.014047028301886793
108,TED-Ed,21200000,2239,4225308210,339870,11297,314,2025-01-16 16:01:06,https://www.youtube.com/watch?v=puWumt39nak&ab_channel=TED-Ed,55,0.016031603773584906
109,TED-Ed,21200000,2239,4225308210,887025,31241,772,2025-01-21 16:00:52,https://www.youtube.com/watch?v=EixIyh1gshM&ab_channel=TED-Ed,50,0.041840801886792456
110,TED-Ed,21200000,2239,4225308210,604550,18291,780,2025-01-14 16:01:15,https://www.youtube.com/watch?v=w3d2DlLX7xw&ab_channel=TED-Ed,57,0.028516509433962264
111,TED-Ed,21200000,2239,4225308210,431265,14266,318,2025-01-09 16:01:51,https://www.youtube.com/watch?v=qH0tUg4Enn0&ab_channel=TED-Ed,62,0.020342688679245283
112,TED-Ed,21200000,2239,4225308210,210661,7978,197,2025-01-07 16:00:42,https://www.youtube.com/watch?v=HEpJBuPIb4o&ab_channel=TED-Ed,64,0.009936839622641509
113,TED-Ed,21200000,2239,4225308210,5817542,183620,2966,2025-01-02 16:01:47,https://www.youtube.com/watch?v=eEWa7cpiyD8&ab_channel=TED-Ed,69,0.27441235849056606
114,TED-Ed,21200000,2239,4225308210,908505,34944,699,2024-12-19 16:01:26,https://www.youtube.com/watch?v=kOVdiDUlNsg&ab_channel=TED-Ed,83,0.04285400943396227
115,TED-Ed,21200000,2239,4225308210,329925,13203,348,2024-12-17 16:01:04,https://www.youtube.com/watch?v=qWG2f9DwwpY&ab_channel=TED-Ed,85,0.0155625
116,TED-Ed,21200000,2239,4225308210,401917,12028,271,2024-12-12 16:00:55,https://www.youtube.com/watch?v=Wb0UgdRFj2A&ab_channel=TED-Ed,90,0.018958349056603773
117,BBC Earth,13400000,2984,5072991333,38785,680,29,2024-12-15 15:00:09,https://www.youtube.com/watch?v=7EG4cXQvko4&ab_channel=BBCEarth,87,0.002894402985074627
118,BBC Earth,13400000,2984,5072991333,203478,2311,164,2024-12-22 23:59:00,https://www.youtube.com/watch?v=AqKyCYWdBAI&ab_channel=BBCEarth,80,0.01518492537313433
119,BBC Earth,13400000,2984,5072991333,12989,312,11,2024-12-29 23:45:00,https://www.youtube.com/watch?v=1Mtm3TiUhts&ab_channel=BBCEarth,73,0.0009693283582089552
120,BBC Earth,13400000,2984,5072991333,299679,11869,180,2025-01-04 16:00:28,https://www.youtube.com/watch?v=No45YnGEwPI&ab_channel=BBCEarth,67,0.02236410447761194
121,BBC Earth,13400000,2984,5072991333,95285,2491,59,2025-01-09 16:00:10,https://www.youtube.com/watch?v=4TYbTatyhLg&ab_channel=BBCEarth,62,0.007110820895522388
122,BBC Earth,13400000,2984,5072991333,549063,7206,328,2025-01-14 17:30:03,https://www.youtube.com/watch?v=FTS46pVoX5w&ab_channel=BBCEarth,57,0.04097485074626866
123,BBC Earth,13400000,2984,5072991333,207504,2476,143,2025-01-23 12:01:00,https://www.youtube.com/watch?v=fnl6VXugXQc&ab_channel=BBCEarth,48,0.015485373134328358
124,BBC Earth,13400000,2984,5072991333,272717,1731,58,2025-01-30 12:00:41,https://www.youtube.com/watch?v=WtkqzfaVbxk&ab_channel=BBCEarth,41,0.020352014925373134
125,BBC Earth,13400000,2984,5072991333,51703,1405,80,2025-02-04 16:00:52,https://www.youtube.com/watch?v=jOs-A904ZaA&ab_channel=BBCEarth,36,0.0038584328358208953
126,BBC Earth,13400000,2984,5072991333,65159,710,26,2025-02-09 16:00:02,https://www.youtube.com/watch?v=10qME6ALrnk&ab_channel=BBCEarth,31,0.004862611940298508
127,BBC Earth,13400000,2984,5072991333,1022590,9638,292,2025-02-08 16:00:22,https://www.youtube.com/watch?v=RBgFsVN3uR8&ab_channel=BBCEarth,32,0.07631268656716418
128,BBC Earth,13400000,2984,5072991333,150724,921,27,2025-02-02 16:00:30,https://www.youtube.com/watch?v=XQ1LTkyFsM0&ab_channel=BBCEarth,38,0.011248059701492537
129,BBC Earth,13400000,2984,5072991333,69089,1911,107,2025-01-28 16:00:32,https://www.youtube.com/watch?v=SO-ZPxgPxo8&ab_channel=BBCEarth,43,0.00515589552238806
130,BBC Earth,13400000,2984,5072991333,114869,1244,49,2025-01-19 16:00:57,https://www.youtube.com/watch?v=tKqvyvLRCiU&ab_channel=BBCEarth,52,0.00857231343283582
131,BBC Earth,13400000,2984,5072991333,528208,1955,53,2025-01-13 16:00:33,https://www.youtube.com/watch?v=V2PaWGkElCM&ab_channel=BBCEarth,58,0.03941850746268657
132,BBC Earth,13400000,2984,5072991333,99151,1929,63,2025-01-08 16:16:56,https://www.youtube.com/watch?v=Gexpqy0iPf4&ab_channel=BBCEarth,63,0.007399328358208955
133,BBC Earth,13400000,2984,5072991333,71775,1397,65,2025-01-02 16:00:16,https://www.youtube.com/watch?v=CQSOU3-Z-7Q&ab_channel=BBCEarth,69,0.00535634328358209
134,BBC Earth,13400000,2984,5072991333,91912,1749,34,2024-12-28 14:00:05,https://www.youtube.com/watch?v=6zppU-RiC18&ab_channel=BBCEarth,74,0.00685910447761194
135,BBC Earth,13400000,2984,5072991333,1113481,2084,51,2024-12-19 14:00:56,https://www.youtube.com/watch?v=uRAU43tJTG4&ab_channel=BBCEarth,83,0.08309559701492537
136,BBC Earth,13400000,2984,5072991333,1328646,7254,186,2024-12-14 14:00:43,https://www.youtube.com/watch?v=h26U-DrQe4M&ab_channel=BBCEarth,88,0.09915268656716418
137,BBC Earth,13400000,2984,5072991333,56211,1752,66,2024-12-12 15:09:00,https://www.youtube.com/watch?v=id42WD1YMbM&ab_channel=BBCEarth,90,0.004194850746268657
138,BBC Earth,13400000,2984,5072991333,43501,1486,50,2024-12-17 12:00:45,https://www.youtube.com/watch?v=XmGoeTUJuy4&ab_channel=BBCEarth,85,0.0032463432835820897
139,BBC Earth,13400000,2984,5072991333,243102,1782,106,2024-12-24 14:00:46,https://www.youtube.com/watch?v=g_NuYcwGEwU&ab_channel=BBCEarth,78,0.018141940298507464
140,BBC Earth,13400000,2984,5072991333,95401,3394,160,2024-12-31 15:00:15,https://www.youtube.com/watch?v=9ZI5mt-BL-w&ab_channel=BBCEarth,71,0.007119477611940299
141,BBC Earth,13400000,2984,5072991333,77213,1108,69,2025-01-07 16:00:28,https://www.youtube.com/watch?v=IkRyGUnA_rY&ab_channel=BBCEarth,64,0.005762164179104478
142,BBC Earth,13400000,2984,5072991333,23239,258,22,2025-01-12 16:00:36,https://www.youtube.com/watch?v=cwulf6ZxFRo&ab_channel=BBCEarth,59,0.0017342537313432835
143,BBC Earth,13400000,2984,5072991333,4150202,25463,1164,2025-01-18 16:00:48,https://www.youtube.com/watch?v=l2-DCVBxgPI&ab_channel=BBCEarth,53,0.3097165671641791
144,BBC Earth,13400000,2984,5072991333,176064,902,47,2025-01-26 16:00:14,https://www.youtube.com/watch?v=FcX5Zx11qlU&ab_channel=BBCEarth,45,0.01313910447761194
145,BBC Earth,13400000,2984,5072991333,1352295,6461,177,2025-02-01 17:00:25,https://www.youtube.com/watch?v=T7oExc711xE&ab_channel=BBCEarth,39,0.10091753731343284
146,BBC Earth,13400000,2984,5072991333,208706,2939,161,2025-02-06 20:00:07,https://www.youtube.com/watch?v=E9RQnXpUzCM&ab_channel=BBCEarth,34,0.015575074626865672
147,BBC Earth,13400000,2984,5072991333,670381,9432,558,2025-02-06 16:00:31,https://www.youtube.com/watch?v=QSBCOexk50I&ab_channel=BBCEarth,34,0.050028432835820896
148,BBC Earth,13400000,2984,5072991333,500503,2031,106,2025-01-30 13:00:19,https://www.youtube.com/watch?v=HY1Wo0u3Cig&ab_channel=BBCEarth,41,0.03735097014925373
149,BBC Earth,13400000,2984,5072991333,139169,1078,52,2025-01-23 17:00:57,https://www.youtube.com/watch?v=lyp6tM4ohEo&ab_channel=BBCEarth,48,0.010385746268656716
150,BBC Earth,13400000,2984,5072991333,164406,1563,65,2025-01-16 17:00:14,https://www.youtube.com/watch?v=A_EpZX6v6fg&ab_channel=BBCEarth,55,0.01226910447761194
151,BBC Earth,13400000,2984,5072991333,113958,1737,64,2025-01-11 16:00:50,https://www.youtube.com/watch?v=uQFAG5WHw0Q&ab_channel=BBCEarth,60,0.008504328358208956
152,BBC Earth,13400000,2984,5072991333,68335,984,23,2025-01-06 17:33:25,https://www.youtube.com/watch?v=V-ImU_RZaqA&ab_channel=BBCEarth,65,0.0050996268656716415
153,BBC Earth,13400000,2984,5072991333,110891,995,28,2024-12-30 16:00:22,https://www.youtube.com/watch?v=JFxDIp-S1Kg&ab_channel=BBCEarth,72,0.00827544776119403
154,BBC Earth,13400000,2984,5072991333,60231,1429,76,2024-12-23 16:00:25,https://www.youtube.com/watch?v=VEuqn9YDobU&ab_channel=BBCEarth,79,0.004494850746268657
155,BBC Earth,13400000,2984,5072991333,169108,1930,84,2024-12-16 17:53:13,https://www.youtube.com/watch?v=meIi5DoYsIw&ab_channel=BBCEarth,86,0.01262
156,BBC Earth,13400000,2984,5072991333,4068139,18160,537,2024-12-11 12:00:20,https://www.youtube.com/watch?v=GXnfBYPsAuE&ab_channel=BBCEarth,91,0.30359246268656714
157,Practical Engineering,4270000,213,444959900,1203036,46198,2547,2025-02-04 14:00:02,https://www.youtube.com/watch?v=1ztGpGjO60o&ab_channel=EngineeringExplained,36,0.28174145199063233
158,Practical Engineering,4270000,213,444959900,1990968,48960,2483,2025-01-21 14:01:04,https://www.youtube.com/watch?v=qQCB3N8Vaxk&ab_channel=EngineeringExplained,50,0.4662688524590164
159,Practical Engineering,4270000,213,444959900,1187321,49820,1706,2025-01-07 14:00:31,https://www.youtube.com/watch?v=MNexLKROHmY&ab_channel=EngineeringExplained,64,0.27806112412177986
160,Practical Engineering,4270000,213,444959900,1238596,34852,1508,2024-12-17 14:00:05,https://www.youtube.com/watch?v=5mYpQWPtfpo&ab_channel=EngineeringExplained,85,0.29006932084309134
161,Engineering Explained,4000000,1003,873151467,490323,19400,1344,2024-12-27 15:01:11,https://www.youtube.com/watch?v=y2TuR4fR1W0&ab_channel=EngineeringExplained,75,0.12258075
162,Engineering Explained,4000000,1003,873151467,281578,9515,1251,2024-12-13 15:00:10,https://www.youtube.com/watch?v=BPxDBwHM7qk&ab_channel=EngineeringExplained,89,0.0703945
163,Two Minute Papers,1620000,958,150130489,56493,2306,189,2025-02-06 14:39:17,https://www.youtube.com/watch?v=Mhk-otOlo1c&ab_channel=TwoMinutePapers,34,0.03487222222222222
164,Two Minute Papers,1620000,958,150130489,66937,2990,265,2025-02-04 11:30:13,https://www.youtube.com/watch?v=oKx2xQQl--Q&ab_channel=TwoMinutePapers,36,0.04131913580246913
165,Two Minute Papers,1620000,958,150130489,63950,3204,150,2025-01-29 16:48:04,https://www.youtube.com/watch?v=jyhu1VipWpo&ab_channel=TwoMinutePapers,42,0.03947530864197531
166,Two Minute Papers,1620000,958,150130489,127036,5656,725,2025-01-23 09:46:27,https://www.youtube.com/watch?v=btvB56PkvwE&ab_channel=TwoMinutePapers,48,0.07841728395061728
167,Two Minute Papers,1620000,958,150130489,50921,1651,193,2025-01-21 16:15:50,https://www.youtube.com/watch?v=9Q0qPTKVTJE&ab_channel=TwoMinutePapers,50,0.03143271604938271
168,Two Minute Papers,1620000,958,150130489,105529,3550,248,2025-01-19 17:36:16,https://www.youtube.com/watch?v=4TpwfbUjCYs&ab_channel=TwoMinutePapers,52,0.06514135802469136
169,Two Minute Papers,1620000,958,150130489,105990,3622,309,2025-01-12 16:26:01,https://www.youtube.com/watch?v=_qQwSVzYNpA&ab_channel=TwoMinutePapers,59,0.06542592592592593
170,Two Minute Papers,1620000,958,150130489,86889,3174,151,2025-01-07 09:05:46,https://www.youtube.com/watch?v=QhA2CH6Z-v4&ab_channel=TwoMinutePapers,64,0.05363518518518519
171,Two Minute Papers,1620000,958,150130489,46701,2373,94,2025-01-04 15:53:43,https://www.youtube.com/watch?v=WZCOtnUT0b0&ab_channel=TwoMinutePapers,67,0.02882777777777778
172,Two Minute Papers,1620000,958,150130489,264498,6960,815,2024-12-28 18:14:34,https://www.youtube.com/watch?v=DjSipUhjJX8&ab_channel=TwoMinutePapers,74,0.16327037037037037
173,Two Minute Papers,1620000,958,150130489,86790,3293,366,2024-12-21 15:26:22,https://www.youtube.com/watch?v=AkegnIRF_S4&ab_channel=TwoMinutePapers,81,0.05357407407407407
174,Two Minute Papers,1620000,958,150130489,77107,3127,161,2024-12-15 15:04:07,https://www.youtube.com/watch?v=QCllgrnk8So&ab_channel=TwoMinutePapers,87,0.04759691358024691
175,Two Minute Papers,1620000,958,150130489,101697,3613,368,2024-12-13 18:33:38,https://www.youtube.com/watch?v=JYI1srodjeg&ab_channel=TwoMinutePapers,89,0.06277592592592593
176,Fermilab,808000,469,79859760,7102,403,29,2025-02-06 16:15:02,https://www.youtube.com/watch?v=a7nh3dIiMBg&ab_channel=Fermilab,34,0.008789603960396039
177,Fermilab,808000,469,79859760,45743,4337,281,2025-01-17 15:32:28,https://www.youtube.com/watch?v=y0BF-dMgZRk&ab_channel=Fermilab,54,0.05661262376237624
178,Fermilab,808000,469,79859760,10304,509,36,2024-12-17 17:39:09,https://www.youtube.com/watch?v=D-GCEDwK4hs&ab_channel=Fermilab,85,0.012752475247524752
179,Fermilab,808000,469,79859760,23783,1849,102,2024-12-11 16:43:00,https://www.youtube.com/watch?v=AZWsv2d2Yd4&ab_channel=Fermilab,91,0.029434405940594058
180,The Organic Chemistry Tutor,9160000,2852,1439731919,36044,601,132,2025-01-31 12:58:31,https://www.youtube.com/watch?v=eBD2TZUh5VI&ab_channel=TheOrganicChemistryTutor,40,0.003934934497816594
181,The Organic Chemistry Tutor,9160000,2852,1439731919,33535,432,72,2025-01-22 13:05:36,https://www.youtube.com/watch?v=yOrXqvO2M1M&ab_channel=TheOrganicChemistryTutor,49,0.0036610262008733626
182,The Organic Chemistry Tutor,9160000,2852,1439731919,34717,585,88,2025-01-02 22:03:52,https://www.youtube.com/watch?v=D5Iv3qbzl2k&ab_channel=TheOrganicChemistryTutor,69,0.003790065502183406
183,Applied Science,856000,270,82842656,225498,12769,634,2025-02-01 04:05:43,https://www.youtube.com/watch?v=DQv0nlGsW-s&ab_channel=AppliedScience,39,0.2634322429906542
184,Applied Science,856000,270,82842656,84964,7526,536,2025-01-01 00:29:55,https://www.youtube.com/watch?v=kiuXasyB3L0&ab_channel=AppliedScience,70,0.09925700934579439
185,Eddie Woo,1900000,4981,175831927,8593,190,14,2025-01-23 03:00:06,https://www.youtube.com/watch?v=G34vXkOuU8M&ab_channel=EddieWoo,48,0.004522631578947368
186,SciShow,8140000,3856,2094631631,308661,13106,570,2025-02-10 18:00:55,https://www.youtube.com/watch?v=xOoZb74Ysp8&ab_channel=SciShow,30,0.03791904176904177
187,SciShow,8140000,3856,2094631631,244469,13304,1333,2025-02-07 18:00:12,https://www.youtube.com/watch?v=EJizDf-sqic&ab_channel=SciShow,33,0.030033046683046682
188,SciShow,8140000,3856,2094631631,61275,3356,411,2025-02-06 18:00:17,https://www.youtube.com/watch?v=Osc2pT32940&ab_channel=SciShow,34,0.007527641277641278
189,SciShow,8140000,3856,2094631631,261704,6916,467,2025-02-05 18:00:10,https://www.youtube.com/watch?v=8vv23GC-lhs&ab_channel=SciShow,35,0.03215036855036855
190,SciShow,8140000,3856,2094631631,205697,12420,987,2025-02-04 18:00:20,https://www.youtube.com/watch?v=YYVa7DGXkl4&ab_channel=SciShow,36,0.02526990171990172
191,SciShow,8140000,3856,2094631631,192724,8918,414,2025-02-03 18:00:33,https://www.youtube.com/watch?v=bGCD0J2IMX8&ab_channel=SciShow,37,0.023676167076167078
192,SciShow,8140000,3856,2094631631,110900,6982,343,2025-01-31 18:00:43,https://www.youtube.com/watch?v=nKPRwoVjIL4&ab_channel=SciShow,40,0.013624078624078623
193,SciShow,8140000,3856,2094631631,203704,10561,1030,2025-01-30 18:00:35,https://www.youtube.com/watch?v=gDKW0nldkxs&ab_channel=SciShow,41,0.025025061425061425
194,SciShow,8140000,3856,2094631631,133742,7305,805,2025-01-29 18:00:48,https://www.youtube.com/watch?v=pjIyR44Da3s&ab_channel=SciShow,42,0.01643022113022113
195,SciShow,8140000,3856,2094631631,278390,13434,945,2025-01-28 18:00:21,https://www.youtube.com/watch?v=_M7VhhptSrU&ab_channel=SciShow,43,0.0342002457002457
196,SciShow,8140000,3856,2094631631,153055,6520,510,2025-01-27 18:00:27,https://www.youtube.com/watch?v=YbcI4MBW-aU&ab_channel=SciShow,44,0.01880282555282555
197,SciShow,8140000,3856,2094631631,194535,9575,783,2025-01-24 18:00:09,https://www.youtube.com/watch?v=6Sgwn4JiUkM&ab_channel=SciShow,47,0.02389864864864865
198,SciShow,8140000,3856,2094631631,262954,10967,350,2025-01-23 18:00:55,https://www.youtube.com/watch?v=y9sSNQNpILo&ab_channel=SciShow,48,0.032303931203931206
199,SciShow,8140000,3856,2094631631,164826,7979,391,2025-01-22 18:00:02,https://www.youtube.com/watch?v=0sNYdSg1fL8&ab_channel=SciShow,49,0.020248894348894347
200,SciShow,8140000,3856,2094631631,91209,4202,237,2025-01-21 21:45:05,https://www.youtube.com/watch?v=guPx59je6eE&ab_channel=SciShow,50,0.011205036855036855
201,SciShow,8140000,3856,2094631631,165933,8036,812,2025-01-20 18:00:22,https://www.youtube.com/watch?v=K6OYz94o5EE&ab_channel=SciShow,51,0.020384889434889433
202,SciShow,8140000,3856,2094631631,150078,8147,546,2025-01-17 18:00:21,https://www.youtube.com/watch?v=TSfjnNA1wdo&ab_channel=SciShow,54,0.018437100737100736
203,SciShow,8140000,3856,2094631631,209191,10632,657,2025-01-16 18:00:52,https://www.youtube.com/watch?v=wfqhKKITC1w&ab_channel=SciShow,55,0.02569914004914005
204,SciShow,8140000,3856,2094631631,187924,7951,435,2025-01-15 18:00:08,https://www.youtube.com/watch?v=5Htj0cURi2Q&ab_channel=SciShow,56,0.023086486486486486
205,SciShow,8140000,3856,2094631631,183700,9574,803,2025-01-14 18:00:30,https://www.youtube.com/watch?v=UEuz5ZHABtI&ab_channel=SciShow,57,0.022567567567567566
206,SciShow,8140000,3856,2094631631,57686,4842,160,2025-01-13 18:00:29,https://www.youtube.com/watch?v=kJT0-6jzAXU&ab_channel=SciShow,58,0.007086732186732187
207,Veritasium,17500000,431,3155527352,7668867,270294,11439,2025-02-10 14:03:41,https://www.youtube.com/watch?v=P_fHJIYENdI&ab_channel=Veritasium,30,0.4382209714285714
208,Veritasium,17500000,431,3155527352,10611975,221309,8204,2025-02-05 15:02:34,https://www.youtube.com/watch?v=88bMVbx1dzM&ab_channel=Veritasium,35,0.6063985714285715
209,Veritasium,17500000,431,3155527352,9639716,208637,7627,2025-01-28 19:17:22,https://www.youtube.com/watch?v=Ni82f1-cAXg&ab_channel=Veritasium,43,0.5508409142857142
210,Veritasium,17500000,431,3155527352,6100883,119041,5105,2025-01-21 16:58:06,https://www.youtube.com/watch?v=H6q6pYZ9Fho&ab_channel=Veritasium,50,0.3486218857142857
211,MinuteEarth,3100000,403,532638763,1192719,47034,1920,2025-01-30 19:14:29,https://www.youtube.com/watch?v=CHTMZiXeB6A&ab_channel=MinuteEarth,41,0.38474806451612903
212,MinuteEarth,3100000,403,532638763,202157,6324,320,2025-01-24 17:10:16,https://www.youtube.com/watch?v=OCfvQGj4jVQ&ab_channel=MinuteEarth,47,0.06521193548387097
213,SmarterEveryDay,11600000,387,1225767165,2146483,81786,6029,2025-01-31 17:00:05,https://www.youtube.com/watch?v=JVROsxtjoCw&ab_channel=SmarterEveryDay,40,0.18504163793103448
214,CrashCourse,16300000,1612,2089464405,41434,2313,120,2025-02-06 17:00:43,https://www.youtube.com/watch?v=_URf07Rb_EU&ab_channel=CrashCourse,34,0.002541963190184049
215,CrashCourse,16300000,1612,2089464405,129487,7435,0,2025-02-04 17:00:09,https://www.youtube.com/watch?v=9peemRxUtkE&ab_channel=CrashCourse,36,0.00794398773006135
216,CrashCourse,16300000,1612,2089464405,55398,2932,89,2025-01-30 17:01:05,https://www.youtube.com/watch?v=t44-uHyzvCw&ab_channel=CrashCourse,41,0.003398650306748466
217,CrashCourse,16300000,1612,2089464405,108983,6040,0,2025-01-28 17:00:41,https://www.youtube.com/watch?v=Z38LrPadz3Y&ab_channel=CrashCourse,43,0.006686073619631902
218,CrashCourse,16300000,1612,2089464405,61860,3369,163,2025-01-23 17:00:58,https://www.youtube.com/watch?v=rbSqLQmT2gc&ab_channel=CrashCourse,48,0.0037950920245398774
219,CrashCourse,16300000,1612,2089464405,95674,5262,57,2025-01-21 19:15:01,https://www.youtube.com/watch?v=Y-YbgGYsHig&ab_channel=CrashCourse,50,0.0058695705521472396
220,CrashCourse,16300000,1612,2089464405,57629,3026,75,2025-01-16 17:01:10,https://www.youtube.com/watch?v=z_qBal5qwAY&ab_channel=CrashCourse,55,0.003535521472392638
221,CrashCourse,16300000,1612,2089464405,123587,6737,87,2025-01-14 17:00:47,https://www.youtube.com/watch?v=flmfrzshA9s&ab_channel=CrashCourse,57,0.0075820245398773006
222,PBS Eons,3070000,455,717157306,140934,4819,436,2025-02-04 15:00:12,https://www.youtube.com/watch?v=CDB0m0hO8qk&ab_channel=PBSEons,36,0.04590684039087948
223,PBS Eons,3070000,455,717157306,188949,10912,314,2025-01-28 15:00:30,https://www.youtube.com/watch?v=HDNFIfeM1uU&ab_channel=PBSEons,43,0.061546905537459284
224,PBS Eons,3070000,455,717157306,137212,5067,749,2025-01-21 15:08:31,https://www.youtube.com/watch?v=wiYzLexX8co&ab_channel=PBSEons,50,0.044694462540716615
225,PBS Eons,3070000,455,717157306,224732,12665,474,2025-01-14 15:01:14,https://www.youtube.com/watch?v=y4ouRg_RbVY&ab_channel=PBSEons,57,0.07320260586319219
226,RealLifeLore,7740000,430,1787917901,1640769,35283,6951,2025-01-31 17:45:22,https://www.youtube.com/watch?v=x8j2uWw3WfU&ab_channel=RealLifeLore,40,0.21198565891472868
227,RealLifeLore,7740000,430,1787917901,1327967,34040,2902,2025-01-25 17:40:41,https://www.youtube.com/watch?v=oytfhLUy0Fg&ab_channel=RealLifeLore,46,0.1715719638242894
228,RealLifeLore,7740000,430,1787917901,1588487,34009,3707,2025-01-18 18:36:05,https://www.youtube.com/watch?v=0o7DCqciH2E&ab_channel=RealLifeLore,53,0.20523087855297156
229,JerryRigEverything,9220000,1332,2391925813,2222478,69292,4178,2025-02-04 13:23:00,https://www.youtube.com/watch?v=LggCBrh5tDE,36,0.24104967462039045
230,JerryRigEverything,9220000,1332,2391925813,3575037,105861,7412,2025-02-01 17:31:33,https://www.youtube.com/watch?v=kN9YYURZD5Q,39,0.3877480477223427
231,JerryRigEverything,9220000,1332,2391925813,910565,28428,1492,2025-01-28 17:08:54,https://www.youtube.com/watch?v=JNF5R11mX-8,43,0.09875976138828634
232,JerryRigEverything,9220000,1332,2391925813,572351,21377,1312,2025-01-18 14:47:00,https://www.youtube.com/watch?v=vUdrHqmlj7E,53,0.06207711496746204
233,JerryRigEverything,9220000,1332,2391925813,339743,13390,890,2025-01-14 20:31:32,https://www.youtube.com/watch?v=8OVknjzprAE,57,0.036848481561822126
234,JerryRigEverything,9220000,1332,2391925813,542359,18403,1173,2025-01-08 18:33:12,https://www.youtube.com/watch?v=W0jcAJlFP-g,63,0.05882418655097614
235,ElectroBOOM,8180000,337,1250540173,673520,37564,1472,2025-01-22 17:01:19,https://www.youtube.com/watch?v=66Gvth4wHiA,49,0.08233740831295844
236,ElectroBOOM,8180000,337,1250540173,844817,45011,2463,2024-12-22 17:00:03,https://www.youtube.com/watch?v=NQE6uNrSd-4,80,0.10327836185819071
237,Computerphile,2510000,841,221042844,85768,3319,134,2025-02-06 17:45:01,https://www.youtube.com/watch?v=SAk-6gVkio0,34,0.034170517928286855
238,Computerphile,2510000,841,221042844,1454428,56565,3625,2025-01-28 21:22:19,https://www.youtube.com/watch?v=gY4Z-9QlZ64,43,0.5794533864541833
239,Computerphile,2510000,841,221042844,101284,4179,694,2025-01-21 16:01:47,https://www.youtube.com/watch?v=OKc2hAmMOY4,50,0.04035219123505976
240,Computerphile,2510000,841,221042844,45740,1257,78,2025-01-16 20:44:22,https://www.youtube.com/watch?v=dZ0SQrr4g8g,55,0.018223107569721116
241,Computerphile,2510000,841,221042844,173170,6740,518,2025-01-07 16:00:32,https://www.youtube.com/watch?v=PpaQrzoDW2I,64,0.06899203187250996
242,PBS Space Time,3270000,412,493899935,991028,95864,13693,2025-01-30 21:15:01,https://www.youtube.com/watch?v=GjkqedrTwZo,41,0.30306666666666665
243,PBS Space Time,3270000,412,493899935,521301,68530,12181,2025-01-23 21:15:04,https://www.youtube.com/watch?v=SXg6YVcdOcA,48,0.15941926605504586
244,PBS Space Time,3270000,412,493899935,758896,25342,1964,2025-01-16 21:15:02,https://www.youtube.com/watch?v=wh75ubECL8I,55,0.2320782874617737
245,PBS Space Time,3270000,412,493899935,527677,18175,1442,2024-12-19 20:29:53,https://www.youtube.com/watch?v=KXPhaAsnrfs,83,0.1613691131498471
246,Professor Dave Explains,3670000,1705,386911281,4505,180,27,2025-02-10 15:00:41,https://www.youtube.com/watch?v=UMi6q3o4Evw,30,0.0012275204359673024
247,Professor Dave Explains,3670000,1705,386911281,7956,261,59,2025-02-07 15:00:28,https://www.youtube.com/watch?v=OFet4FfpBxY,33,0.002167847411444142
248,Professor Dave Explains,3670000,1705,386911281,194353,13630,3177,2025-02-06 22:31:56,https://www.youtube.com/watch?v=-2mPGg9qo-w,34,0.05295722070844687
249,Professor Dave Explains,3670000,1705,386911281,9764,637,73,2025-02-05 15:00:26,https://www.youtube.com/watch?v=L7onUpN5CNM,35,0.002660490463215259
250,Professor Dave Explains,3670000,1705,386911281,168839,12236,1929,2025-02-04 15:00:02,https://www.youtube.com/watch?v=1K8MUh1wA8M,36,0.04600517711171662
251,Professor Dave Explains,3670000,1705,386911281,10753,499,71,2025-02-03 15:00:23,https://www.youtube.com/watch?v=EpiayTAiD30,37,0.0029299727520435965
252,Professor Dave Explains,3670000,1705,386911281,541868,25362,7819,2025-02-01 15:00:08,https://www.youtube.com/watch?v=4okBkJUlMiI,39,0.14764795640326975
253,Professor Dave Explains,3670000,1705,386911281,18384,1030,339,2025-01-31 15:01:13,https://www.youtube.com/watch?v=pz1ghfuK1sk,40,0.005009264305177112
254,Professor Dave Explains,3670000,1705,386911281,11313,446,59,2025-01-29 15:00:42,https://www.youtube.com/watch?v=VQcbNOrpjig,42,0.0030825613079019073
255,Professor Dave Explains,3670000,1705,386911281,4089,155,30,2025-01-27 15:00:09,https://www.youtube.com/watch?v=5GHcXUxcRMQ,44,0.0011141689373297002
256,Professor Dave Explains,3670000,1705,386911281,359064,16443,3283,2025-01-25 15:00:49,https://www.youtube.com/watch?v=barCAOnHa3w,46,0.09783760217983652
257,Professor Dave Explains,3670000,1705,386911281,7590,311,67,2025-01-24 15:01:18,https://www.youtube.com/watch?v=z3Z4Yx42cZs,47,0.0020681198910081746
258,Professor Dave Explains,3670000,1705,386911281,9365,506,48,2025-01-22 15:00:14,https://www.youtube.com/watch?v=DOGKf581Cj8,49,0.0025517711171662125
259,Professor Dave Explains,3670000,1705,386911281,9295,447,30,2025-01-20 15:00:50,https://www.youtube.com/watch?v=ZBPT-_Z_FGA,51,0.002532697547683924
260,Professor Dave Explains,3670000,1705,386911281,1828374,59259,19386,2025-01-17 15:00:33,https://www.youtube.com/watch?v=JsETzrRr3is,54,0.49819455040871935
261,Professor Dave Explains,3670000,1705,386911281,6467,365,63,2025-01-15 15:00:32,https://www.youtube.com/watch?v=H8u3bttQPC8,56,0.0017621253405994551
262,Professor Dave Explains,3670000,1705,386911281,4893,171,32,2025-01-13 15:00:35,https://www.youtube.com/watch?v=QyLe8JKa-0A,58,0.0013332425068119892
263,Stated Clearly,566000,146,48804818,3570,214,29,2025-02-04 20:21:39,https://www.youtube.com/watch?v=psVjK5Gg-ho,36,0.006307420494699647
264,Physics Explained,246000,28,12174172,28864,1499,211,2025-02-03 20:00:06,https://www.youtube.com/watch?v=AjYzhoWHsk8,37,0.11733333333333333
265,Physics Explained,246000,28,12174172,294707,9722,536,2025-01-20 21:00:06,https://www.youtube.com/watch?v=vjDvBP5IU-4,51,1.1979959349593496
266,Physics Explained,246000,28,12174172,99361,3602,272,2025-01-27 20:00:06,https://www.youtube.com/watch?v=zvyxArI67vw,44,0.40390650406504064
267,Physics Explained,246000,28,12174172,20503,1401,108,2025-01-12 17:59:29,https://www.youtube.com/watch?v=hMkUdTQ2amw,59,0.08334552845528455
268,Periodic Videos,1620000,730,291123819,49972,3801,269,2025-01-21 13:38:06,https://www.youtube.com/watch?v=xNbDe0K-p8w,50,0.030846913580246913
269,Periodic Videos,1620000,730,291123819,29142,1171,128,2025-01-06 15:51:27,https://www.youtube.com/watch?v=Swq8pmNgUQ4,65,0.017988888888888888
